content,summary
"""蒙卦代表什么？","""蒙卦""
summary: ""蒙卦在《周易》中象征启蒙与成长，它由上卦艮（山）和下卦坎（水）组成，展现了山下泉水喷涌而出的卦象，寓意在蒙昧状态中蕴含着生机与希望。此卦首爻占筮指示，强调不是我去求教于蒙昧之人，而是蒙昧之人自身带有求知的渴望。若持敬畏之心，初次占筮得以启示；反复轻慢则神灵不再感应，但整体仍是吉祥的象征。

哲学层面，蒙卦反映智慧未启发之前的懵懂状态与犹豫不决，提醒人们应顺应贤师良友的教导，以果敢坚毅的行动来培养德行。其象曰“山下出泉”，君子当效法如泉水般坚持不懈，促进自身品德成长。

蒙卦同时提示处于初创或迷惑状态时需忍耐和慎重，凡事多听取他人意见，方能运势通达。事业上虽有混乱与危机，但只要脚踏实地、戒除急功近利，定能转危为安。婚姻与社交须重视品德和宽容，决策时严谨果断，适时接受教诲和考验，最终可达通泰。

综观蒙卦，它不仅代表智慧的启蒙，也寓意着人生初期的磨砺与成长，鼓励以坚定信念和正确方法克服愚昧，开拓通达的未来。"
"周易中的""蒙卦含义是什么？","""蒙卦""
summary: ""蒙卦在《周易》中象征启蒙与成长，它由上卦艮（山）和下卦坎（水）组成，展现了山下泉水喷涌而出的卦象，寓意在蒙昧状态中蕴含着生机与希望。此卦首爻占筮指示，强调不是我去求教于蒙昧之人，而是蒙昧之人自身带有求知的渴望。若持敬畏之心，初次占筮得以启示；反复轻慢则神灵不再感应，但整体仍是吉祥的象征。

哲学层面，蒙卦反映智慧未启发之前的懵懂状态与犹豫不决，提醒人们应顺应贤师良友的教导，以果敢坚毅的行动来培养德行。其象曰“山下出泉”，君子当效法如泉水般坚持不懈，促进自身品德成长。

蒙卦同时提示处于初创或迷惑状态时需忍耐和慎重，凡事多听取他人意见，方能运势通达。事业上虽有混乱与危机，但只要脚踏实地、戒除急功近利，定能转危为安。婚姻与社交须重视品德和宽容，决策时严谨果断，适时接受教诲和考验，最终可达通泰。

综观蒙卦，它不仅代表智慧的启蒙，也寓意着人生初期的磨砺与成长，鼓励以坚定信念和正确方法克服愚昧，开拓通达的未来。"
"请解释一下""蒙卦。","""蒙卦""
summary: ""蒙卦在《周易》中象征启蒙与成长，它由上卦艮（山）和下卦坎（水）组成，展现了山下泉水喷涌而出的卦象，寓意在蒙昧状态中蕴含着生机与希望。此卦首爻占筮指示，强调不是我去求教于蒙昧之人，而是蒙昧之人自身带有求知的渴望。若持敬畏之心，初次占筮得以启示；反复轻慢则神灵不再感应，但整体仍是吉祥的象征。

哲学层面，蒙卦反映智慧未启发之前的懵懂状态与犹豫不决，提醒人们应顺应贤师良友的教导，以果敢坚毅的行动来培养德行。其象曰“山下出泉”，君子当效法如泉水般坚持不懈，促进自身品德成长。

蒙卦同时提示处于初创或迷惑状态时需忍耐和慎重，凡事多听取他人意见，方能运势通达。事业上虽有混乱与危机，但只要脚踏实地、戒除急功近利，定能转危为安。婚姻与社交须重视品德和宽容，决策时严谨果断，适时接受教诲和考验，最终可达通泰。

综观蒙卦，它不仅代表智慧的启蒙，也寓意着人生初期的磨砺与成长，鼓励以坚定信念和正确方法克服愚昧，开拓通达的未来。"
"""蒙卦在周易中是什么象征？","""蒙卦""
summary: ""蒙卦在《周易》中象征启蒙与成长，它由上卦艮（山）和下卦坎（水）组成，展现了山下泉水喷涌而出的卦象，寓意在蒙昧状态中蕴含着生机与希望。此卦首爻占筮指示，强调不是我去求教于蒙昧之人，而是蒙昧之人自身带有求知的渴望。若持敬畏之心，初次占筮得以启示；反复轻慢则神灵不再感应，但整体仍是吉祥的象征。

哲学层面，蒙卦反映智慧未启发之前的懵懂状态与犹豫不决，提醒人们应顺应贤师良友的教导，以果敢坚毅的行动来培养德行。其象曰“山下出泉”，君子当效法如泉水般坚持不懈，促进自身品德成长。

蒙卦同时提示处于初创或迷惑状态时需忍耐和慎重，凡事多听取他人意见，方能运势通达。事业上虽有混乱与危机，但只要脚踏实地、戒除急功近利，定能转危为安。婚姻与社交须重视品德和宽容，决策时严谨果断，适时接受教诲和考验，最终可达通泰。

综观蒙卦，它不仅代表智慧的启蒙，也寓意着人生初期的磨砺与成长，鼓励以坚定信念和正确方法克服愚昧，开拓通达的未来。"
"周易""蒙卦的深层含义是什么？","""蒙卦""
summary: ""蒙卦在《周易》中象征启蒙与成长，它由上卦艮（山）和下卦坎（水）组成，展现了山下泉水喷涌而出的卦象，寓意在蒙昧状态中蕴含着生机与希望。此卦首爻占筮指示，强调不是我去求教于蒙昧之人，而是蒙昧之人自身带有求知的渴望。若持敬畏之心，初次占筮得以启示；反复轻慢则神灵不再感应，但整体仍是吉祥的象征。

哲学层面，蒙卦反映智慧未启发之前的懵懂状态与犹豫不决，提醒人们应顺应贤师良友的教导，以果敢坚毅的行动来培养德行。其象曰“山下出泉”，君子当效法如泉水般坚持不懈，促进自身品德成长。

蒙卦同时提示处于初创或迷惑状态时需忍耐和慎重，凡事多听取他人意见，方能运势通达。事业上虽有混乱与危机，但只要脚踏实地、戒除急功近利，定能转危为安。婚姻与社交须重视品德和宽容，决策时严谨果断，适时接受教诲和考验，最终可达通泰。

综观蒙卦，它不仅代表智慧的启蒙，也寓意着人生初期的磨砺与成长，鼓励以坚定信念和正确方法克服愚昧，开拓通达的未来。"
"""蒙卦和教育启蒙有什么联系？","""蒙卦""
summary: ""蒙卦在《周易》中象征启蒙与成长，它由上卦艮（山）和下卦坎（水）组成，展现了山下泉水喷涌而出的卦象，寓意在蒙昧状态中蕴含着生机与希望。此卦首爻占筮指示，强调不是我去求教于蒙昧之人，而是蒙昧之人自身带有求知的渴望。若持敬畏之心，初次占筮得以启示；反复轻慢则神灵不再感应，但整体仍是吉祥的象征。

哲学层面，蒙卦反映智慧未启发之前的懵懂状态与犹豫不决，提醒人们应顺应贤师良友的教导，以果敢坚毅的行动来培养德行。其象曰“山下出泉”，君子当效法如泉水般坚持不懈，促进自身品德成长。

蒙卦同时提示处于初创或迷惑状态时需忍耐和慎重，凡事多听取他人意见，方能运势通达。事业上虽有混乱与危机，但只要脚踏实地、戒除急功近利，定能转危为安。婚姻与社交须重视品德和宽容，决策时严谨果断，适时接受教诲和考验，最终可达通泰。

综观蒙卦，它不仅代表智慧的启蒙，也寓意着人生初期的磨砺与成长，鼓励以坚定信念和正确方法克服愚昧，开拓通达的未来。"
"周易的""蒙卦讲述了什么？","""蒙卦""
summary: ""蒙卦在《周易》中象征启蒙与成长，它由上卦艮（山）和下卦坎（水）组成，展现了山下泉水喷涌而出的卦象，寓意在蒙昧状态中蕴含着生机与希望。此卦首爻占筮指示，强调不是我去求教于蒙昧之人，而是蒙昧之人自身带有求知的渴望。若持敬畏之心，初次占筮得以启示；反复轻慢则神灵不再感应，但整体仍是吉祥的象征。

哲学层面，蒙卦反映智慧未启发之前的懵懂状态与犹豫不决，提醒人们应顺应贤师良友的教导，以果敢坚毅的行动来培养德行。其象曰“山下出泉”，君子当效法如泉水般坚持不懈，促进自身品德成长。

蒙卦同时提示处于初创或迷惑状态时需忍耐和慎重，凡事多听取他人意见，方能运势通达。事业上虽有混乱与危机，但只要脚踏实地、戒除急功近利，定能转危为安。婚姻与社交须重视品德和宽容，决策时严谨果断，适时接受教诲和考验，最终可达通泰。

综观蒙卦，它不仅代表智慧的启蒙，也寓意着人生初期的磨砺与成长，鼓励以坚定信念和正确方法克服愚昧，开拓通达的未来。"
"""蒙卦是怎样的一个卦象？","""蒙卦""
summary: ""蒙卦在《周易》中象征启蒙与成长，它由上卦艮（山）和下卦坎（水）组成，展现了山下泉水喷涌而出的卦象，寓意在蒙昧状态中蕴含着生机与希望。此卦首爻占筮指示，强调不是我去求教于蒙昧之人，而是蒙昧之人自身带有求知的渴望。若持敬畏之心，初次占筮得以启示；反复轻慢则神灵不再感应，但整体仍是吉祥的象征。

哲学层面，蒙卦反映智慧未启发之前的懵懂状态与犹豫不决，提醒人们应顺应贤师良友的教导，以果敢坚毅的行动来培养德行。其象曰“山下出泉”，君子当效法如泉水般坚持不懈，促进自身品德成长。

蒙卦同时提示处于初创或迷惑状态时需忍耐和慎重，凡事多听取他人意见，方能运势通达。事业上虽有混乱与危机，但只要脚踏实地、戒除急功近利，定能转危为安。婚姻与社交须重视品德和宽容，决策时严谨果断，适时接受教诲和考验，最终可达通泰。

综观蒙卦，它不仅代表智慧的启蒙，也寓意着人生初期的磨砺与成长，鼓励以坚定信念和正确方法克服愚昧，开拓通达的未来。"
"""蒙卦在周易中怎样表达教育的概念？","""蒙卦""
summary: ""蒙卦在《周易》中象征启蒙与成长，它由上卦艮（山）和下卦坎（水）组成，展现了山下泉水喷涌而出的卦象，寓意在蒙昧状态中蕴含着生机与希望。此卦首爻占筮指示，强调不是我去求教于蒙昧之人，而是蒙昧之人自身带有求知的渴望。若持敬畏之心，初次占筮得以启示；反复轻慢则神灵不再感应，但整体仍是吉祥的象征。

哲学层面，蒙卦反映智慧未启发之前的懵懂状态与犹豫不决，提醒人们应顺应贤师良友的教导，以果敢坚毅的行动来培养德行。其象曰“山下出泉”，君子当效法如泉水般坚持不懈，促进自身品德成长。

蒙卦同时提示处于初创或迷惑状态时需忍耐和慎重，凡事多听取他人意见，方能运势通达。事业上虽有混乱与危机，但只要脚踏实地、戒除急功近利，定能转危为安。婚姻与社交须重视品德和宽容，决策时严谨果断，适时接受教诲和考验，最终可达通泰。

综观蒙卦，它不仅代表智慧的启蒙，也寓意着人生初期的磨砺与成长，鼓励以坚定信念和正确方法克服愚昧，开拓通达的未来。"
"""蒙卦的基本意义是什么？","""蒙卦""
summary: ""蒙卦在《周易》中象征启蒙与成长，它由上卦艮（山）和下卦坎（水）组成，展现了山下泉水喷涌而出的卦象，寓意在蒙昧状态中蕴含着生机与希望。此卦首爻占筮指示，强调不是我去求教于蒙昧之人，而是蒙昧之人自身带有求知的渴望。若持敬畏之心，初次占筮得以启示；反复轻慢则神灵不再感应，但整体仍是吉祥的象征。

哲学层面，蒙卦反映智慧未启发之前的懵懂状态与犹豫不决，提醒人们应顺应贤师良友的教导，以果敢坚毅的行动来培养德行。其象曰“山下出泉”，君子当效法如泉水般坚持不懈，促进自身品德成长。

蒙卦同时提示处于初创或迷惑状态时需忍耐和慎重，凡事多听取他人意见，方能运势通达。事业上虽有混乱与危机，但只要脚踏实地、戒除急功近利，定能转危为安。婚姻与社交须重视品德和宽容，决策时严谨果断，适时接受教诲和考验，最终可达通泰。

综观蒙卦，它不仅代表智慧的启蒙，也寓意着人生初期的磨砺与成长，鼓励以坚定信念和正确方法克服愚昧，开拓通达的未来。"
"周易中""蒙卦的解释是什么？","""蒙卦""
summary: ""蒙卦在《周易》中象征启蒙与成长，它由上卦艮（山）和下卦坎（水）组成，展现了山下泉水喷涌而出的卦象，寓意在蒙昧状态中蕴含着生机与希望。此卦首爻占筮指示，强调不是我去求教于蒙昧之人，而是蒙昧之人自身带有求知的渴望。若持敬畏之心，初次占筮得以启示；反复轻慢则神灵不再感应，但整体仍是吉祥的象征。

哲学层面，蒙卦反映智慧未启发之前的懵懂状态与犹豫不决，提醒人们应顺应贤师良友的教导，以果敢坚毅的行动来培养德行。其象曰“山下出泉”，君子当效法如泉水般坚持不懈，促进自身品德成长。

蒙卦同时提示处于初创或迷惑状态时需忍耐和慎重，凡事多听取他人意见，方能运势通达。事业上虽有混乱与危机，但只要脚踏实地、戒除急功近利，定能转危为安。婚姻与社交须重视品德和宽容，决策时严谨果断，适时接受教诲和考验，最终可达通泰。

综观蒙卦，它不仅代表智慧的启蒙，也寓意着人生初期的磨砺与成长，鼓励以坚定信念和正确方法克服愚昧，开拓通达的未来。"
"""蒙卦在周易中代表了哪些方面？","""蒙卦""
summary: ""蒙卦在《周易》中象征启蒙与成长，它由上卦艮（山）和下卦坎（水）组成，展现了山下泉水喷涌而出的卦象，寓意在蒙昧状态中蕴含着生机与希望。此卦首爻占筮指示，强调不是我去求教于蒙昧之人，而是蒙昧之人自身带有求知的渴望。若持敬畏之心，初次占筮得以启示；反复轻慢则神灵不再感应，但整体仍是吉祥的象征。

哲学层面，蒙卦反映智慧未启发之前的懵懂状态与犹豫不决，提醒人们应顺应贤师良友的教导，以果敢坚毅的行动来培养德行。其象曰“山下出泉”，君子当效法如泉水般坚持不懈，促进自身品德成长。

蒙卦同时提示处于初创或迷惑状态时需忍耐和慎重，凡事多听取他人意见，方能运势通达。事业上虽有混乱与危机，但只要脚踏实地、戒除急功近利，定能转危为安。婚姻与社交须重视品德和宽容，决策时严谨果断，适时接受教诲和考验，最终可达通泰。

综观蒙卦，它不仅代表智慧的启蒙，也寓意着人生初期的磨砺与成长，鼓励以坚定信念和正确方法克服愚昧，开拓通达的未来。"
"""蒙卦涉及哪些哲学思想？","""蒙卦""
summary: ""蒙卦在《周易》中象征启蒙与成长，它由上卦艮（山）和下卦坎（水）组成，展现了山下泉水喷涌而出的卦象，寓意在蒙昧状态中蕴含着生机与希望。此卦首爻占筮指示，强调不是我去求教于蒙昧之人，而是蒙昧之人自身带有求知的渴望。若持敬畏之心，初次占筮得以启示；反复轻慢则神灵不再感应，但整体仍是吉祥的象征。

哲学层面，蒙卦反映智慧未启发之前的懵懂状态与犹豫不决，提醒人们应顺应贤师良友的教导，以果敢坚毅的行动来培养德行。其象曰“山下出泉”，君子当效法如泉水般坚持不懈，促进自身品德成长。

蒙卦同时提示处于初创或迷惑状态时需忍耐和慎重，凡事多听取他人意见，方能运势通达。事业上虽有混乱与危机，但只要脚踏实地、戒除急功近利，定能转危为安。婚姻与社交须重视品德和宽容，决策时严谨果断，适时接受教诲和考验，最终可达通泰。

综观蒙卦，它不仅代表智慧的启蒙，也寓意着人生初期的磨砺与成长，鼓励以坚定信念和正确方法克服愚昧，开拓通达的未来。"
"周易中""蒙卦的象征意义是什么？","""蒙卦""
summary: ""蒙卦在《周易》中象征启蒙与成长，它由上卦艮（山）和下卦坎（水）组成，展现了山下泉水喷涌而出的卦象，寓意在蒙昧状态中蕴含着生机与希望。此卦首爻占筮指示，强调不是我去求教于蒙昧之人，而是蒙昧之人自身带有求知的渴望。若持敬畏之心，初次占筮得以启示；反复轻慢则神灵不再感应，但整体仍是吉祥的象征。

哲学层面，蒙卦反映智慧未启发之前的懵懂状态与犹豫不决，提醒人们应顺应贤师良友的教导，以果敢坚毅的行动来培养德行。其象曰“山下出泉”，君子当效法如泉水般坚持不懈，促进自身品德成长。

蒙卦同时提示处于初创或迷惑状态时需忍耐和慎重，凡事多听取他人意见，方能运势通达。事业上虽有混乱与危机，但只要脚踏实地、戒除急功近利，定能转危为安。婚姻与社交须重视品德和宽容，决策时严谨果断，适时接受教诲和考验，最终可达通泰。

综观蒙卦，它不仅代表智慧的启蒙，也寓意着人生初期的磨砺与成长，鼓励以坚定信念和正确方法克服愚昧，开拓通达的未来。"
"""蒙卦的主要讲述内容是什么？","""蒙卦""
summary: ""蒙卦在《周易》中象征启蒙与成长，它由上卦艮（山）和下卦坎（水）组成，展现了山下泉水喷涌而出的卦象，寓意在蒙昧状态中蕴含着生机与希望。此卦首爻占筮指示，强调不是我去求教于蒙昧之人，而是蒙昧之人自身带有求知的渴望。若持敬畏之心，初次占筮得以启示；反复轻慢则神灵不再感应，但整体仍是吉祥的象征。

哲学层面，蒙卦反映智慧未启发之前的懵懂状态与犹豫不决，提醒人们应顺应贤师良友的教导，以果敢坚毅的行动来培养德行。其象曰“山下出泉”，君子当效法如泉水般坚持不懈，促进自身品德成长。

蒙卦同时提示处于初创或迷惑状态时需忍耐和慎重，凡事多听取他人意见，方能运势通达。事业上虽有混乱与危机，但只要脚踏实地、戒除急功近利，定能转危为安。婚姻与社交须重视品德和宽容，决策时严谨果断，适时接受教诲和考验，最终可达通泰。

综观蒙卦，它不仅代表智慧的启蒙，也寓意着人生初期的磨砺与成长，鼓励以坚定信念和正确方法克服愚昧，开拓通达的未来。"
"周易""蒙卦的核心思想是什么？","""蒙卦""
summary: ""蒙卦在《周易》中象征启蒙与成长，它由上卦艮（山）和下卦坎（水）组成，展现了山下泉水喷涌而出的卦象，寓意在蒙昧状态中蕴含着生机与希望。此卦首爻占筮指示，强调不是我去求教于蒙昧之人，而是蒙昧之人自身带有求知的渴望。若持敬畏之心，初次占筮得以启示；反复轻慢则神灵不再感应，但整体仍是吉祥的象征。

哲学层面，蒙卦反映智慧未启发之前的懵懂状态与犹豫不决，提醒人们应顺应贤师良友的教导，以果敢坚毅的行动来培养德行。其象曰“山下出泉”，君子当效法如泉水般坚持不懈，促进自身品德成长。

蒙卦同时提示处于初创或迷惑状态时需忍耐和慎重，凡事多听取他人意见，方能运势通达。事业上虽有混乱与危机，但只要脚踏实地、戒除急功近利，定能转危为安。婚姻与社交须重视品德和宽容，决策时严谨果断，适时接受教诲和考验，最终可达通泰。

综观蒙卦，它不仅代表智慧的启蒙，也寓意着人生初期的磨砺与成长，鼓励以坚定信念和正确方法克服愚昧，开拓通达的未来。"
"""蒙卦和启蒙教育之间有何联系？","""蒙卦""
summary: ""蒙卦在《周易》中象征启蒙与成长，它由上卦艮（山）和下卦坎（水）组成，展现了山下泉水喷涌而出的卦象，寓意在蒙昧状态中蕴含着生机与希望。此卦首爻占筮指示，强调不是我去求教于蒙昧之人，而是蒙昧之人自身带有求知的渴望。若持敬畏之心，初次占筮得以启示；反复轻慢则神灵不再感应，但整体仍是吉祥的象征。

哲学层面，蒙卦反映智慧未启发之前的懵懂状态与犹豫不决，提醒人们应顺应贤师良友的教导，以果敢坚毅的行动来培养德行。其象曰“山下出泉”，君子当效法如泉水般坚持不懈，促进自身品德成长。

蒙卦同时提示处于初创或迷惑状态时需忍耐和慎重，凡事多听取他人意见，方能运势通达。事业上虽有混乱与危机，但只要脚踏实地、戒除急功近利，定能转危为安。婚姻与社交须重视品德和宽容，决策时严谨果断，适时接受教诲和考验，最终可达通泰。

综观蒙卦，它不仅代表智慧的启蒙，也寓意着人生初期的磨砺与成长，鼓励以坚定信念和正确方法克服愚昧，开拓通达的未来。"
"在周易中，""蒙卦象征着什么？","""蒙卦""
summary: ""蒙卦在《周易》中象征启蒙与成长，它由上卦艮（山）和下卦坎（水）组成，展现了山下泉水喷涌而出的卦象，寓意在蒙昧状态中蕴含着生机与希望。此卦首爻占筮指示，强调不是我去求教于蒙昧之人，而是蒙昧之人自身带有求知的渴望。若持敬畏之心，初次占筮得以启示；反复轻慢则神灵不再感应，但整体仍是吉祥的象征。

哲学层面，蒙卦反映智慧未启发之前的懵懂状态与犹豫不决，提醒人们应顺应贤师良友的教导，以果敢坚毅的行动来培养德行。其象曰“山下出泉”，君子当效法如泉水般坚持不懈，促进自身品德成长。

蒙卦同时提示处于初创或迷惑状态时需忍耐和慎重，凡事多听取他人意见，方能运势通达。事业上虽有混乱与危机，但只要脚踏实地、戒除急功近利，定能转危为安。婚姻与社交须重视品德和宽容，决策时严谨果断，适时接受教诲和考验，最终可达通泰。

综观蒙卦，它不仅代表智慧的启蒙，也寓意着人生初期的磨砺与成长，鼓励以坚定信念和正确方法克服愚昧，开拓通达的未来。"
"请描述""蒙卦的含义。","""蒙卦""
summary: ""蒙卦在《周易》中象征启蒙与成长，它由上卦艮（山）和下卦坎（水）组成，展现了山下泉水喷涌而出的卦象，寓意在蒙昧状态中蕴含着生机与希望。此卦首爻占筮指示，强调不是我去求教于蒙昧之人，而是蒙昧之人自身带有求知的渴望。若持敬畏之心，初次占筮得以启示；反复轻慢则神灵不再感应，但整体仍是吉祥的象征。

哲学层面，蒙卦反映智慧未启发之前的懵懂状态与犹豫不决，提醒人们应顺应贤师良友的教导，以果敢坚毅的行动来培养德行。其象曰“山下出泉”，君子当效法如泉水般坚持不懈，促进自身品德成长。

蒙卦同时提示处于初创或迷惑状态时需忍耐和慎重，凡事多听取他人意见，方能运势通达。事业上虽有混乱与危机，但只要脚踏实地、戒除急功近利，定能转危为安。婚姻与社交须重视品德和宽容，决策时严谨果断，适时接受教诲和考验，最终可达通泰。

综观蒙卦，它不仅代表智慧的启蒙，也寓意着人生初期的磨砺与成长，鼓励以坚定信念和正确方法克服愚昧，开拓通达的未来。"
"""蒙卦在周易哲学中扮演什么角色？","""蒙卦""
summary: ""蒙卦在《周易》中象征启蒙与成长，它由上卦艮（山）和下卦坎（水）组成，展现了山下泉水喷涌而出的卦象，寓意在蒙昧状态中蕴含着生机与希望。此卦首爻占筮指示，强调不是我去求教于蒙昧之人，而是蒙昧之人自身带有求知的渴望。若持敬畏之心，初次占筮得以启示；反复轻慢则神灵不再感应，但整体仍是吉祥的象征。

哲学层面，蒙卦反映智慧未启发之前的懵懂状态与犹豫不决，提醒人们应顺应贤师良友的教导，以果敢坚毅的行动来培养德行。其象曰“山下出泉”，君子当效法如泉水般坚持不懈，促进自身品德成长。

蒙卦同时提示处于初创或迷惑状态时需忍耐和慎重，凡事多听取他人意见，方能运势通达。事业上虽有混乱与危机，但只要脚踏实地、戒除急功近利，定能转危为安。婚姻与社交须重视品德和宽容，决策时严谨果断，适时接受教诲和考验，最终可达通泰。

综观蒙卦，它不仅代表智慧的启蒙，也寓意着人生初期的磨砺与成长，鼓励以坚定信念和正确方法克服愚昧，开拓通达的未来。"
屯卦代表什么？,"屯卦是周易中的一个重要卦象，其卦名为“屯”，意指万物开始孕育、成长的艰难过程。由上卦坎（云）和下卦震（雷）构成，象征着云层中雷霆的震动。屯卦传达出一种生机与挑战并存的局面，强调在初始阶段往往面临困难，然只要坚守、努力，便可期见转机。

屯卦的核心解读为：大吉大利，但在实际行动上不宜急于进取。此卦提醒人们在处于困境时应保持冷静与稳重，付出努力之后才能迎来曙光。对于创业和事业而言，初期可能会遭遇诸多挫折，但如果能够坚持不懈、灵活应对，最终会有成功的可能。

传统的象辞进一步阐释道：“屯者难也”，即万事在起步阶段常常艰难，如同植物在生长初期面临风雨。然而，逆境中的坚持和智慧将引导人们走出困境。总之，屯卦强调在动中遇险，需以刚毅果敢的态度面对困难，以求在动荡中开创未来。"
周易中的屯卦含义是什么？,"屯卦是周易中的一个重要卦象，其卦名为“屯”，意指万物开始孕育、成长的艰难过程。由上卦坎（云）和下卦震（雷）构成，象征着云层中雷霆的震动。屯卦传达出一种生机与挑战并存的局面，强调在初始阶段往往面临困难，然只要坚守、努力，便可期见转机。

屯卦的核心解读为：大吉大利，但在实际行动上不宜急于进取。此卦提醒人们在处于困境时应保持冷静与稳重，付出努力之后才能迎来曙光。对于创业和事业而言，初期可能会遭遇诸多挫折，但如果能够坚持不懈、灵活应对，最终会有成功的可能。

传统的象辞进一步阐释道：“屯者难也”，即万事在起步阶段常常艰难，如同植物在生长初期面临风雨。然而，逆境中的坚持和智慧将引导人们走出困境。总之，屯卦强调在动中遇险，需以刚毅果敢的态度面对困难，以求在动荡中开创未来。"
请解释一下屯卦。,"屯卦是周易中的一个重要卦象，其卦名为“屯”，意指万物开始孕育、成长的艰难过程。由上卦坎（云）和下卦震（雷）构成，象征着云层中雷霆的震动。屯卦传达出一种生机与挑战并存的局面，强调在初始阶段往往面临困难，然只要坚守、努力，便可期见转机。

屯卦的核心解读为：大吉大利，但在实际行动上不宜急于进取。此卦提醒人们在处于困境时应保持冷静与稳重，付出努力之后才能迎来曙光。对于创业和事业而言，初期可能会遭遇诸多挫折，但如果能够坚持不懈、灵活应对，最终会有成功的可能。

传统的象辞进一步阐释道：“屯者难也”，即万事在起步阶段常常艰难，如同植物在生长初期面临风雨。然而，逆境中的坚持和智慧将引导人们走出困境。总之，屯卦强调在动中遇险，需以刚毅果敢的态度面对困难，以求在动荡中开创未来。"
屯卦在周易中是什么象征？,"屯卦是周易中的一个重要卦象，其卦名为“屯”，意指万物开始孕育、成长的艰难过程。由上卦坎（云）和下卦震（雷）构成，象征着云层中雷霆的震动。屯卦传达出一种生机与挑战并存的局面，强调在初始阶段往往面临困难，然只要坚守、努力，便可期见转机。

屯卦的核心解读为：大吉大利，但在实际行动上不宜急于进取。此卦提醒人们在处于困境时应保持冷静与稳重，付出努力之后才能迎来曙光。对于创业和事业而言，初期可能会遭遇诸多挫折，但如果能够坚持不懈、灵活应对，最终会有成功的可能。

传统的象辞进一步阐释道：“屯者难也”，即万事在起步阶段常常艰难，如同植物在生长初期面临风雨。然而，逆境中的坚持和智慧将引导人们走出困境。总之，屯卦强调在动中遇险，需以刚毅果敢的态度面对困难，以求在动荡中开创未来。"
周易屯卦的深层含义是什么？,"屯卦是周易中的一个重要卦象，其卦名为“屯”，意指万物开始孕育、成长的艰难过程。由上卦坎（云）和下卦震（雷）构成，象征着云层中雷霆的震动。屯卦传达出一种生机与挑战并存的局面，强调在初始阶段往往面临困难，然只要坚守、努力，便可期见转机。

屯卦的核心解读为：大吉大利，但在实际行动上不宜急于进取。此卦提醒人们在处于困境时应保持冷静与稳重，付出努力之后才能迎来曙光。对于创业和事业而言，初期可能会遭遇诸多挫折，但如果能够坚持不懈、灵活应对，最终会有成功的可能。

传统的象辞进一步阐释道：“屯者难也”，即万事在起步阶段常常艰难，如同植物在生长初期面临风雨。然而，逆境中的坚持和智慧将引导人们走出困境。总之，屯卦强调在动中遇险，需以刚毅果敢的态度面对困难，以求在动荡中开创未来。"
屯卦和教育启蒙有什么联系？,"屯卦是周易中的一个重要卦象，其卦名为“屯”，意指万物开始孕育、成长的艰难过程。由上卦坎（云）和下卦震（雷）构成，象征着云层中雷霆的震动。屯卦传达出一种生机与挑战并存的局面，强调在初始阶段往往面临困难，然只要坚守、努力，便可期见转机。

屯卦的核心解读为：大吉大利，但在实际行动上不宜急于进取。此卦提醒人们在处于困境时应保持冷静与稳重，付出努力之后才能迎来曙光。对于创业和事业而言，初期可能会遭遇诸多挫折，但如果能够坚持不懈、灵活应对，最终会有成功的可能。

传统的象辞进一步阐释道：“屯者难也”，即万事在起步阶段常常艰难，如同植物在生长初期面临风雨。然而，逆境中的坚持和智慧将引导人们走出困境。总之，屯卦强调在动中遇险，需以刚毅果敢的态度面对困难，以求在动荡中开创未来。"
周易的屯卦讲述了什么？,"屯卦是周易中的一个重要卦象，其卦名为“屯”，意指万物开始孕育、成长的艰难过程。由上卦坎（云）和下卦震（雷）构成，象征着云层中雷霆的震动。屯卦传达出一种生机与挑战并存的局面，强调在初始阶段往往面临困难，然只要坚守、努力，便可期见转机。

屯卦的核心解读为：大吉大利，但在实际行动上不宜急于进取。此卦提醒人们在处于困境时应保持冷静与稳重，付出努力之后才能迎来曙光。对于创业和事业而言，初期可能会遭遇诸多挫折，但如果能够坚持不懈、灵活应对，最终会有成功的可能。

传统的象辞进一步阐释道：“屯者难也”，即万事在起步阶段常常艰难，如同植物在生长初期面临风雨。然而，逆境中的坚持和智慧将引导人们走出困境。总之，屯卦强调在动中遇险，需以刚毅果敢的态度面对困难，以求在动荡中开创未来。"
屯卦是怎样的一个卦象？,"屯卦是周易中的一个重要卦象，其卦名为“屯”，意指万物开始孕育、成长的艰难过程。由上卦坎（云）和下卦震（雷）构成，象征着云层中雷霆的震动。屯卦传达出一种生机与挑战并存的局面，强调在初始阶段往往面临困难，然只要坚守、努力，便可期见转机。

屯卦的核心解读为：大吉大利，但在实际行动上不宜急于进取。此卦提醒人们在处于困境时应保持冷静与稳重，付出努力之后才能迎来曙光。对于创业和事业而言，初期可能会遭遇诸多挫折，但如果能够坚持不懈、灵活应对，最终会有成功的可能。

传统的象辞进一步阐释道：“屯者难也”，即万事在起步阶段常常艰难，如同植物在生长初期面临风雨。然而，逆境中的坚持和智慧将引导人们走出困境。总之，屯卦强调在动中遇险，需以刚毅果敢的态度面对困难，以求在动荡中开创未来。"
屯卦在周易中怎样表达教育的概念？,"屯卦是周易中的一个重要卦象，其卦名为“屯”，意指万物开始孕育、成长的艰难过程。由上卦坎（云）和下卦震（雷）构成，象征着云层中雷霆的震动。屯卦传达出一种生机与挑战并存的局面，强调在初始阶段往往面临困难，然只要坚守、努力，便可期见转机。

屯卦的核心解读为：大吉大利，但在实际行动上不宜急于进取。此卦提醒人们在处于困境时应保持冷静与稳重，付出努力之后才能迎来曙光。对于创业和事业而言，初期可能会遭遇诸多挫折，但如果能够坚持不懈、灵活应对，最终会有成功的可能。

传统的象辞进一步阐释道：“屯者难也”，即万事在起步阶段常常艰难，如同植物在生长初期面临风雨。然而，逆境中的坚持和智慧将引导人们走出困境。总之，屯卦强调在动中遇险，需以刚毅果敢的态度面对困难，以求在动荡中开创未来。"
屯卦的基本意义是什么？,"屯卦是周易中的一个重要卦象，其卦名为“屯”，意指万物开始孕育、成长的艰难过程。由上卦坎（云）和下卦震（雷）构成，象征着云层中雷霆的震动。屯卦传达出一种生机与挑战并存的局面，强调在初始阶段往往面临困难，然只要坚守、努力，便可期见转机。

屯卦的核心解读为：大吉大利，但在实际行动上不宜急于进取。此卦提醒人们在处于困境时应保持冷静与稳重，付出努力之后才能迎来曙光。对于创业和事业而言，初期可能会遭遇诸多挫折，但如果能够坚持不懈、灵活应对，最终会有成功的可能。

传统的象辞进一步阐释道：“屯者难也”，即万事在起步阶段常常艰难，如同植物在生长初期面临风雨。然而，逆境中的坚持和智慧将引导人们走出困境。总之，屯卦强调在动中遇险，需以刚毅果敢的态度面对困难，以求在动荡中开创未来。"
周易中屯卦的解释是什么？,"屯卦是周易中的一个重要卦象，其卦名为“屯”，意指万物开始孕育、成长的艰难过程。由上卦坎（云）和下卦震（雷）构成，象征着云层中雷霆的震动。屯卦传达出一种生机与挑战并存的局面，强调在初始阶段往往面临困难，然只要坚守、努力，便可期见转机。

屯卦的核心解读为：大吉大利，但在实际行动上不宜急于进取。此卦提醒人们在处于困境时应保持冷静与稳重，付出努力之后才能迎来曙光。对于创业和事业而言，初期可能会遭遇诸多挫折，但如果能够坚持不懈、灵活应对，最终会有成功的可能。

传统的象辞进一步阐释道：“屯者难也”，即万事在起步阶段常常艰难，如同植物在生长初期面临风雨。然而，逆境中的坚持和智慧将引导人们走出困境。总之，屯卦强调在动中遇险，需以刚毅果敢的态度面对困难，以求在动荡中开创未来。"
屯卦在周易中代表了哪些方面？,"屯卦是周易中的一个重要卦象，其卦名为“屯”，意指万物开始孕育、成长的艰难过程。由上卦坎（云）和下卦震（雷）构成，象征着云层中雷霆的震动。屯卦传达出一种生机与挑战并存的局面，强调在初始阶段往往面临困难，然只要坚守、努力，便可期见转机。

屯卦的核心解读为：大吉大利，但在实际行动上不宜急于进取。此卦提醒人们在处于困境时应保持冷静与稳重，付出努力之后才能迎来曙光。对于创业和事业而言，初期可能会遭遇诸多挫折，但如果能够坚持不懈、灵活应对，最终会有成功的可能。

传统的象辞进一步阐释道：“屯者难也”，即万事在起步阶段常常艰难，如同植物在生长初期面临风雨。然而，逆境中的坚持和智慧将引导人们走出困境。总之，屯卦强调在动中遇险，需以刚毅果敢的态度面对困难，以求在动荡中开创未来。"
屯卦涉及哪些哲学思想？,"屯卦是周易中的一个重要卦象，其卦名为“屯”，意指万物开始孕育、成长的艰难过程。由上卦坎（云）和下卦震（雷）构成，象征着云层中雷霆的震动。屯卦传达出一种生机与挑战并存的局面，强调在初始阶段往往面临困难，然只要坚守、努力，便可期见转机。

屯卦的核心解读为：大吉大利，但在实际行动上不宜急于进取。此卦提醒人们在处于困境时应保持冷静与稳重，付出努力之后才能迎来曙光。对于创业和事业而言，初期可能会遭遇诸多挫折，但如果能够坚持不懈、灵活应对，最终会有成功的可能。

传统的象辞进一步阐释道：“屯者难也”，即万事在起步阶段常常艰难，如同植物在生长初期面临风雨。然而，逆境中的坚持和智慧将引导人们走出困境。总之，屯卦强调在动中遇险，需以刚毅果敢的态度面对困难，以求在动荡中开创未来。"
周易中屯卦的象征意义是什么？,"屯卦是周易中的一个重要卦象，其卦名为“屯”，意指万物开始孕育、成长的艰难过程。由上卦坎（云）和下卦震（雷）构成，象征着云层中雷霆的震动。屯卦传达出一种生机与挑战并存的局面，强调在初始阶段往往面临困难，然只要坚守、努力，便可期见转机。

屯卦的核心解读为：大吉大利，但在实际行动上不宜急于进取。此卦提醒人们在处于困境时应保持冷静与稳重，付出努力之后才能迎来曙光。对于创业和事业而言，初期可能会遭遇诸多挫折，但如果能够坚持不懈、灵活应对，最终会有成功的可能。

传统的象辞进一步阐释道：“屯者难也”，即万事在起步阶段常常艰难，如同植物在生长初期面临风雨。然而，逆境中的坚持和智慧将引导人们走出困境。总之，屯卦强调在动中遇险，需以刚毅果敢的态度面对困难，以求在动荡中开创未来。"
屯卦的主要讲述内容是什么？,"屯卦是周易中的一个重要卦象，其卦名为“屯”，意指万物开始孕育、成长的艰难过程。由上卦坎（云）和下卦震（雷）构成，象征着云层中雷霆的震动。屯卦传达出一种生机与挑战并存的局面，强调在初始阶段往往面临困难，然只要坚守、努力，便可期见转机。

屯卦的核心解读为：大吉大利，但在实际行动上不宜急于进取。此卦提醒人们在处于困境时应保持冷静与稳重，付出努力之后才能迎来曙光。对于创业和事业而言，初期可能会遭遇诸多挫折，但如果能够坚持不懈、灵活应对，最终会有成功的可能。

传统的象辞进一步阐释道：“屯者难也”，即万事在起步阶段常常艰难，如同植物在生长初期面临风雨。然而，逆境中的坚持和智慧将引导人们走出困境。总之，屯卦强调在动中遇险，需以刚毅果敢的态度面对困难，以求在动荡中开创未来。"
周易屯卦的核心思想是什么？,"屯卦是周易中的一个重要卦象，其卦名为“屯”，意指万物开始孕育、成长的艰难过程。由上卦坎（云）和下卦震（雷）构成，象征着云层中雷霆的震动。屯卦传达出一种生机与挑战并存的局面，强调在初始阶段往往面临困难，然只要坚守、努力，便可期见转机。

屯卦的核心解读为：大吉大利，但在实际行动上不宜急于进取。此卦提醒人们在处于困境时应保持冷静与稳重，付出努力之后才能迎来曙光。对于创业和事业而言，初期可能会遭遇诸多挫折，但如果能够坚持不懈、灵活应对，最终会有成功的可能。

传统的象辞进一步阐释道：“屯者难也”，即万事在起步阶段常常艰难，如同植物在生长初期面临风雨。然而，逆境中的坚持和智慧将引导人们走出困境。总之，屯卦强调在动中遇险，需以刚毅果敢的态度面对困难，以求在动荡中开创未来。"
屯卦和启蒙教育之间有何联系？,"屯卦是周易中的一个重要卦象，其卦名为“屯”，意指万物开始孕育、成长的艰难过程。由上卦坎（云）和下卦震（雷）构成，象征着云层中雷霆的震动。屯卦传达出一种生机与挑战并存的局面，强调在初始阶段往往面临困难，然只要坚守、努力，便可期见转机。

屯卦的核心解读为：大吉大利，但在实际行动上不宜急于进取。此卦提醒人们在处于困境时应保持冷静与稳重，付出努力之后才能迎来曙光。对于创业和事业而言，初期可能会遭遇诸多挫折，但如果能够坚持不懈、灵活应对，最终会有成功的可能。

传统的象辞进一步阐释道：“屯者难也”，即万事在起步阶段常常艰难，如同植物在生长初期面临风雨。然而，逆境中的坚持和智慧将引导人们走出困境。总之，屯卦强调在动中遇险，需以刚毅果敢的态度面对困难，以求在动荡中开创未来。"
在周易中，屯卦象征着什么？,"屯卦是周易中的一个重要卦象，其卦名为“屯”，意指万物开始孕育、成长的艰难过程。由上卦坎（云）和下卦震（雷）构成，象征着云层中雷霆的震动。屯卦传达出一种生机与挑战并存的局面，强调在初始阶段往往面临困难，然只要坚守、努力，便可期见转机。

屯卦的核心解读为：大吉大利，但在实际行动上不宜急于进取。此卦提醒人们在处于困境时应保持冷静与稳重，付出努力之后才能迎来曙光。对于创业和事业而言，初期可能会遭遇诸多挫折，但如果能够坚持不懈、灵活应对，最终会有成功的可能。

传统的象辞进一步阐释道：“屯者难也”，即万事在起步阶段常常艰难，如同植物在生长初期面临风雨。然而，逆境中的坚持和智慧将引导人们走出困境。总之，屯卦强调在动中遇险，需以刚毅果敢的态度面对困难，以求在动荡中开创未来。"
请描述屯卦的含义。,"屯卦是周易中的一个重要卦象，其卦名为“屯”，意指万物开始孕育、成长的艰难过程。由上卦坎（云）和下卦震（雷）构成，象征着云层中雷霆的震动。屯卦传达出一种生机与挑战并存的局面，强调在初始阶段往往面临困难，然只要坚守、努力，便可期见转机。

屯卦的核心解读为：大吉大利，但在实际行动上不宜急于进取。此卦提醒人们在处于困境时应保持冷静与稳重，付出努力之后才能迎来曙光。对于创业和事业而言，初期可能会遭遇诸多挫折，但如果能够坚持不懈、灵活应对，最终会有成功的可能。

传统的象辞进一步阐释道：“屯者难也”，即万事在起步阶段常常艰难，如同植物在生长初期面临风雨。然而，逆境中的坚持和智慧将引导人们走出困境。总之，屯卦强调在动中遇险，需以刚毅果敢的态度面对困难，以求在动荡中开创未来。"
屯卦在周易哲学中扮演什么角色？,"屯卦是周易中的一个重要卦象，其卦名为“屯”，意指万物开始孕育、成长的艰难过程。由上卦坎（云）和下卦震（雷）构成，象征着云层中雷霆的震动。屯卦传达出一种生机与挑战并存的局面，强调在初始阶段往往面临困难，然只要坚守、努力，便可期见转机。

屯卦的核心解读为：大吉大利，但在实际行动上不宜急于进取。此卦提醒人们在处于困境时应保持冷静与稳重，付出努力之后才能迎来曙光。对于创业和事业而言，初期可能会遭遇诸多挫折，但如果能够坚持不懈、灵活应对，最终会有成功的可能。

传统的象辞进一步阐释道：“屯者难也”，即万事在起步阶段常常艰难，如同植物在生长初期面临风雨。然而，逆境中的坚持和智慧将引导人们走出困境。总之，屯卦强调在动中遇险，需以刚毅果敢的态度面对困难，以求在动荡中开创未来。"
"{
    ""content"": ""需卦"",
    ""summary"": ""在周易中，需卦是一个象征期待和耐心的卦象，由上卦坎（险）与下卦乾（健）相叠构成。此卦卦辞曰：“需。有孚，光亨，贞吉。利涉大川。”意味着亨通和吉利，尤其适合于渡水跨河之时。需卦象征着在移动与变动中需要等待合适的时机，强调在面对险阻时采用稳健的态度。云聚于天，暗示着未雨绸缪，以待时而动，君子由此出生机，悠闲地享受饮宴娱乐。

    此外，需卦反映北宋易学家邵雍的解读，强调大器需晚成，在面对阻碍时应保持耐性，而不要急于求成。傅佩荣对此卦的解说突出了在时运、财运及人际关系中的等待与调节，提出应理顺饮食以求身体健康，同时在事业上，需审时度势，以积蓄实力，待时而发。需卦的核心哲学在于在逆境中保持镇定、守正待时，及小心谨慎而又充满信心地迈向成功。""
}
``代表什么？","{
    ""content"": ""需卦"",
    ""summary"": ""在周易中，需卦是一个象征期待和耐心的卦象，由上卦坎（险）与下卦乾（健）相叠构成。此卦卦辞曰：“需。有孚，光亨，贞吉。利涉大川。”意味着亨通和吉利，尤其适合于渡水跨河之时。需卦象征着在移动与变动中需要等待合适的时机，强调在面对险阻时采用稳健的态度。云聚于天，暗示着未雨绸缪，以待时而动，君子由此出生机，悠闲地享受饮宴娱乐。

    此外，需卦反映北宋易学家邵雍的解读，强调大器需晚成，在面对阻碍时应保持耐性，而不要急于求成。傅佩荣对此卦的解说突出了在时运、财运及人际关系中的等待与调节，提出应理顺饮食以求身体健康，同时在事业上，需审时度势，以积蓄实力，待时而发。需卦的核心哲学在于在逆境中保持镇定、守正待时，及小心谨慎而又充满信心地迈向成功。"
"周易中的{
    ""content"": ""需卦"",
    ""summary"": ""在周易中，需卦是一个象征期待和耐心的卦象，由上卦坎（险）与下卦乾（健）相叠构成。此卦卦辞曰：“需。有孚，光亨，贞吉。利涉大川。”意味着亨通和吉利，尤其适合于渡水跨河之时。需卦象征着在移动与变动中需要等待合适的时机，强调在面对险阻时采用稳健的态度。云聚于天，暗示着未雨绸缪，以待时而动，君子由此出生机，悠闲地享受饮宴娱乐。

    此外，需卦反映北宋易学家邵雍的解读，强调大器需晚成，在面对阻碍时应保持耐性，而不要急于求成。傅佩荣对此卦的解说突出了在时运、财运及人际关系中的等待与调节，提出应理顺饮食以求身体健康，同时在事业上，需审时度势，以积蓄实力，待时而发。需卦的核心哲学在于在逆境中保持镇定、守正待时，及小心谨慎而又充满信心地迈向成功。""
}
``含义是什么？","{
    ""content"": ""需卦"",
    ""summary"": ""在周易中，需卦是一个象征期待和耐心的卦象，由上卦坎（险）与下卦乾（健）相叠构成。此卦卦辞曰：“需。有孚，光亨，贞吉。利涉大川。”意味着亨通和吉利，尤其适合于渡水跨河之时。需卦象征着在移动与变动中需要等待合适的时机，强调在面对险阻时采用稳健的态度。云聚于天，暗示着未雨绸缪，以待时而动，君子由此出生机，悠闲地享受饮宴娱乐。

    此外，需卦反映北宋易学家邵雍的解读，强调大器需晚成，在面对阻碍时应保持耐性，而不要急于求成。傅佩荣对此卦的解说突出了在时运、财运及人际关系中的等待与调节，提出应理顺饮食以求身体健康，同时在事业上，需审时度势，以积蓄实力，待时而发。需卦的核心哲学在于在逆境中保持镇定、守正待时，及小心谨慎而又充满信心地迈向成功。"
"请解释一下{
    ""content"": ""需卦"",
    ""summary"": ""在周易中，需卦是一个象征期待和耐心的卦象，由上卦坎（险）与下卦乾（健）相叠构成。此卦卦辞曰：“需。有孚，光亨，贞吉。利涉大川。”意味着亨通和吉利，尤其适合于渡水跨河之时。需卦象征着在移动与变动中需要等待合适的时机，强调在面对险阻时采用稳健的态度。云聚于天，暗示着未雨绸缪，以待时而动，君子由此出生机，悠闲地享受饮宴娱乐。

    此外，需卦反映北宋易学家邵雍的解读，强调大器需晚成，在面对阻碍时应保持耐性，而不要急于求成。傅佩荣对此卦的解说突出了在时运、财运及人际关系中的等待与调节，提出应理顺饮食以求身体健康，同时在事业上，需审时度势，以积蓄实力，待时而发。需卦的核心哲学在于在逆境中保持镇定、守正待时，及小心谨慎而又充满信心地迈向成功。""
}
``。","{
    ""content"": ""需卦"",
    ""summary"": ""在周易中，需卦是一个象征期待和耐心的卦象，由上卦坎（险）与下卦乾（健）相叠构成。此卦卦辞曰：“需。有孚，光亨，贞吉。利涉大川。”意味着亨通和吉利，尤其适合于渡水跨河之时。需卦象征着在移动与变动中需要等待合适的时机，强调在面对险阻时采用稳健的态度。云聚于天，暗示着未雨绸缪，以待时而动，君子由此出生机，悠闲地享受饮宴娱乐。

    此外，需卦反映北宋易学家邵雍的解读，强调大器需晚成，在面对阻碍时应保持耐性，而不要急于求成。傅佩荣对此卦的解说突出了在时运、财运及人际关系中的等待与调节，提出应理顺饮食以求身体健康，同时在事业上，需审时度势，以积蓄实力，待时而发。需卦的核心哲学在于在逆境中保持镇定、守正待时，及小心谨慎而又充满信心地迈向成功。"
"{
    ""content"": ""需卦"",
    ""summary"": ""在周易中，需卦是一个象征期待和耐心的卦象，由上卦坎（险）与下卦乾（健）相叠构成。此卦卦辞曰：“需。有孚，光亨，贞吉。利涉大川。”意味着亨通和吉利，尤其适合于渡水跨河之时。需卦象征着在移动与变动中需要等待合适的时机，强调在面对险阻时采用稳健的态度。云聚于天，暗示着未雨绸缪，以待时而动，君子由此出生机，悠闲地享受饮宴娱乐。

    此外，需卦反映北宋易学家邵雍的解读，强调大器需晚成，在面对阻碍时应保持耐性，而不要急于求成。傅佩荣对此卦的解说突出了在时运、财运及人际关系中的等待与调节，提出应理顺饮食以求身体健康，同时在事业上，需审时度势，以积蓄实力，待时而发。需卦的核心哲学在于在逆境中保持镇定、守正待时，及小心谨慎而又充满信心地迈向成功。""
}
``在周易中是什么象征？","{
    ""content"": ""需卦"",
    ""summary"": ""在周易中，需卦是一个象征期待和耐心的卦象，由上卦坎（险）与下卦乾（健）相叠构成。此卦卦辞曰：“需。有孚，光亨，贞吉。利涉大川。”意味着亨通和吉利，尤其适合于渡水跨河之时。需卦象征着在移动与变动中需要等待合适的时机，强调在面对险阻时采用稳健的态度。云聚于天，暗示着未雨绸缪，以待时而动，君子由此出生机，悠闲地享受饮宴娱乐。

    此外，需卦反映北宋易学家邵雍的解读，强调大器需晚成，在面对阻碍时应保持耐性，而不要急于求成。傅佩荣对此卦的解说突出了在时运、财运及人际关系中的等待与调节，提出应理顺饮食以求身体健康，同时在事业上，需审时度势，以积蓄实力，待时而发。需卦的核心哲学在于在逆境中保持镇定、守正待时，及小心谨慎而又充满信心地迈向成功。"
"周易{
    ""content"": ""需卦"",
    ""summary"": ""在周易中，需卦是一个象征期待和耐心的卦象，由上卦坎（险）与下卦乾（健）相叠构成。此卦卦辞曰：“需。有孚，光亨，贞吉。利涉大川。”意味着亨通和吉利，尤其适合于渡水跨河之时。需卦象征着在移动与变动中需要等待合适的时机，强调在面对险阻时采用稳健的态度。云聚于天，暗示着未雨绸缪，以待时而动，君子由此出生机，悠闲地享受饮宴娱乐。

    此外，需卦反映北宋易学家邵雍的解读，强调大器需晚成，在面对阻碍时应保持耐性，而不要急于求成。傅佩荣对此卦的解说突出了在时运、财运及人际关系中的等待与调节，提出应理顺饮食以求身体健康，同时在事业上，需审时度势，以积蓄实力，待时而发。需卦的核心哲学在于在逆境中保持镇定、守正待时，及小心谨慎而又充满信心地迈向成功。""
}
``的深层含义是什么？","{
    ""content"": ""需卦"",
    ""summary"": ""在周易中，需卦是一个象征期待和耐心的卦象，由上卦坎（险）与下卦乾（健）相叠构成。此卦卦辞曰：“需。有孚，光亨，贞吉。利涉大川。”意味着亨通和吉利，尤其适合于渡水跨河之时。需卦象征着在移动与变动中需要等待合适的时机，强调在面对险阻时采用稳健的态度。云聚于天，暗示着未雨绸缪，以待时而动，君子由此出生机，悠闲地享受饮宴娱乐。

    此外，需卦反映北宋易学家邵雍的解读，强调大器需晚成，在面对阻碍时应保持耐性，而不要急于求成。傅佩荣对此卦的解说突出了在时运、财运及人际关系中的等待与调节，提出应理顺饮食以求身体健康，同时在事业上，需审时度势，以积蓄实力，待时而发。需卦的核心哲学在于在逆境中保持镇定、守正待时，及小心谨慎而又充满信心地迈向成功。"
"{
    ""content"": ""需卦"",
    ""summary"": ""在周易中，需卦是一个象征期待和耐心的卦象，由上卦坎（险）与下卦乾（健）相叠构成。此卦卦辞曰：“需。有孚，光亨，贞吉。利涉大川。”意味着亨通和吉利，尤其适合于渡水跨河之时。需卦象征着在移动与变动中需要等待合适的时机，强调在面对险阻时采用稳健的态度。云聚于天，暗示着未雨绸缪，以待时而动，君子由此出生机，悠闲地享受饮宴娱乐。

    此外，需卦反映北宋易学家邵雍的解读，强调大器需晚成，在面对阻碍时应保持耐性，而不要急于求成。傅佩荣对此卦的解说突出了在时运、财运及人际关系中的等待与调节，提出应理顺饮食以求身体健康，同时在事业上，需审时度势，以积蓄实力，待时而发。需卦的核心哲学在于在逆境中保持镇定、守正待时，及小心谨慎而又充满信心地迈向成功。""
}
``和教育启蒙有什么联系？","{
    ""content"": ""需卦"",
    ""summary"": ""在周易中，需卦是一个象征期待和耐心的卦象，由上卦坎（险）与下卦乾（健）相叠构成。此卦卦辞曰：“需。有孚，光亨，贞吉。利涉大川。”意味着亨通和吉利，尤其适合于渡水跨河之时。需卦象征着在移动与变动中需要等待合适的时机，强调在面对险阻时采用稳健的态度。云聚于天，暗示着未雨绸缪，以待时而动，君子由此出生机，悠闲地享受饮宴娱乐。

    此外，需卦反映北宋易学家邵雍的解读，强调大器需晚成，在面对阻碍时应保持耐性，而不要急于求成。傅佩荣对此卦的解说突出了在时运、财运及人际关系中的等待与调节，提出应理顺饮食以求身体健康，同时在事业上，需审时度势，以积蓄实力，待时而发。需卦的核心哲学在于在逆境中保持镇定、守正待时，及小心谨慎而又充满信心地迈向成功。"
"周易的{
    ""content"": ""需卦"",
    ""summary"": ""在周易中，需卦是一个象征期待和耐心的卦象，由上卦坎（险）与下卦乾（健）相叠构成。此卦卦辞曰：“需。有孚，光亨，贞吉。利涉大川。”意味着亨通和吉利，尤其适合于渡水跨河之时。需卦象征着在移动与变动中需要等待合适的时机，强调在面对险阻时采用稳健的态度。云聚于天，暗示着未雨绸缪，以待时而动，君子由此出生机，悠闲地享受饮宴娱乐。

    此外，需卦反映北宋易学家邵雍的解读，强调大器需晚成，在面对阻碍时应保持耐性，而不要急于求成。傅佩荣对此卦的解说突出了在时运、财运及人际关系中的等待与调节，提出应理顺饮食以求身体健康，同时在事业上，需审时度势，以积蓄实力，待时而发。需卦的核心哲学在于在逆境中保持镇定、守正待时，及小心谨慎而又充满信心地迈向成功。""
}
``讲述了什么？","{
    ""content"": ""需卦"",
    ""summary"": ""在周易中，需卦是一个象征期待和耐心的卦象，由上卦坎（险）与下卦乾（健）相叠构成。此卦卦辞曰：“需。有孚，光亨，贞吉。利涉大川。”意味着亨通和吉利，尤其适合于渡水跨河之时。需卦象征着在移动与变动中需要等待合适的时机，强调在面对险阻时采用稳健的态度。云聚于天，暗示着未雨绸缪，以待时而动，君子由此出生机，悠闲地享受饮宴娱乐。

    此外，需卦反映北宋易学家邵雍的解读，强调大器需晚成，在面对阻碍时应保持耐性，而不要急于求成。傅佩荣对此卦的解说突出了在时运、财运及人际关系中的等待与调节，提出应理顺饮食以求身体健康，同时在事业上，需审时度势，以积蓄实力，待时而发。需卦的核心哲学在于在逆境中保持镇定、守正待时，及小心谨慎而又充满信心地迈向成功。"
"{
    ""content"": ""需卦"",
    ""summary"": ""在周易中，需卦是一个象征期待和耐心的卦象，由上卦坎（险）与下卦乾（健）相叠构成。此卦卦辞曰：“需。有孚，光亨，贞吉。利涉大川。”意味着亨通和吉利，尤其适合于渡水跨河之时。需卦象征着在移动与变动中需要等待合适的时机，强调在面对险阻时采用稳健的态度。云聚于天，暗示着未雨绸缪，以待时而动，君子由此出生机，悠闲地享受饮宴娱乐。

    此外，需卦反映北宋易学家邵雍的解读，强调大器需晚成，在面对阻碍时应保持耐性，而不要急于求成。傅佩荣对此卦的解说突出了在时运、财运及人际关系中的等待与调节，提出应理顺饮食以求身体健康，同时在事业上，需审时度势，以积蓄实力，待时而发。需卦的核心哲学在于在逆境中保持镇定、守正待时，及小心谨慎而又充满信心地迈向成功。""
}
``是怎样的一个卦象？","{
    ""content"": ""需卦"",
    ""summary"": ""在周易中，需卦是一个象征期待和耐心的卦象，由上卦坎（险）与下卦乾（健）相叠构成。此卦卦辞曰：“需。有孚，光亨，贞吉。利涉大川。”意味着亨通和吉利，尤其适合于渡水跨河之时。需卦象征着在移动与变动中需要等待合适的时机，强调在面对险阻时采用稳健的态度。云聚于天，暗示着未雨绸缪，以待时而动，君子由此出生机，悠闲地享受饮宴娱乐。

    此外，需卦反映北宋易学家邵雍的解读，强调大器需晚成，在面对阻碍时应保持耐性，而不要急于求成。傅佩荣对此卦的解说突出了在时运、财运及人际关系中的等待与调节，提出应理顺饮食以求身体健康，同时在事业上，需审时度势，以积蓄实力，待时而发。需卦的核心哲学在于在逆境中保持镇定、守正待时，及小心谨慎而又充满信心地迈向成功。"
"{
    ""content"": ""需卦"",
    ""summary"": ""在周易中，需卦是一个象征期待和耐心的卦象，由上卦坎（险）与下卦乾（健）相叠构成。此卦卦辞曰：“需。有孚，光亨，贞吉。利涉大川。”意味着亨通和吉利，尤其适合于渡水跨河之时。需卦象征着在移动与变动中需要等待合适的时机，强调在面对险阻时采用稳健的态度。云聚于天，暗示着未雨绸缪，以待时而动，君子由此出生机，悠闲地享受饮宴娱乐。

    此外，需卦反映北宋易学家邵雍的解读，强调大器需晚成，在面对阻碍时应保持耐性，而不要急于求成。傅佩荣对此卦的解说突出了在时运、财运及人际关系中的等待与调节，提出应理顺饮食以求身体健康，同时在事业上，需审时度势，以积蓄实力，待时而发。需卦的核心哲学在于在逆境中保持镇定、守正待时，及小心谨慎而又充满信心地迈向成功。""
}
``在周易中怎样表达教育的概念？","{
    ""content"": ""需卦"",
    ""summary"": ""在周易中，需卦是一个象征期待和耐心的卦象，由上卦坎（险）与下卦乾（健）相叠构成。此卦卦辞曰：“需。有孚，光亨，贞吉。利涉大川。”意味着亨通和吉利，尤其适合于渡水跨河之时。需卦象征着在移动与变动中需要等待合适的时机，强调在面对险阻时采用稳健的态度。云聚于天，暗示着未雨绸缪，以待时而动，君子由此出生机，悠闲地享受饮宴娱乐。

    此外，需卦反映北宋易学家邵雍的解读，强调大器需晚成，在面对阻碍时应保持耐性，而不要急于求成。傅佩荣对此卦的解说突出了在时运、财运及人际关系中的等待与调节，提出应理顺饮食以求身体健康，同时在事业上，需审时度势，以积蓄实力，待时而发。需卦的核心哲学在于在逆境中保持镇定、守正待时，及小心谨慎而又充满信心地迈向成功。"
"{
    ""content"": ""需卦"",
    ""summary"": ""在周易中，需卦是一个象征期待和耐心的卦象，由上卦坎（险）与下卦乾（健）相叠构成。此卦卦辞曰：“需。有孚，光亨，贞吉。利涉大川。”意味着亨通和吉利，尤其适合于渡水跨河之时。需卦象征着在移动与变动中需要等待合适的时机，强调在面对险阻时采用稳健的态度。云聚于天，暗示着未雨绸缪，以待时而动，君子由此出生机，悠闲地享受饮宴娱乐。

    此外，需卦反映北宋易学家邵雍的解读，强调大器需晚成，在面对阻碍时应保持耐性，而不要急于求成。傅佩荣对此卦的解说突出了在时运、财运及人际关系中的等待与调节，提出应理顺饮食以求身体健康，同时在事业上，需审时度势，以积蓄实力，待时而发。需卦的核心哲学在于在逆境中保持镇定、守正待时，及小心谨慎而又充满信心地迈向成功。""
}
``的基本意义是什么？","{
    ""content"": ""需卦"",
    ""summary"": ""在周易中，需卦是一个象征期待和耐心的卦象，由上卦坎（险）与下卦乾（健）相叠构成。此卦卦辞曰：“需。有孚，光亨，贞吉。利涉大川。”意味着亨通和吉利，尤其适合于渡水跨河之时。需卦象征着在移动与变动中需要等待合适的时机，强调在面对险阻时采用稳健的态度。云聚于天，暗示着未雨绸缪，以待时而动，君子由此出生机，悠闲地享受饮宴娱乐。

    此外，需卦反映北宋易学家邵雍的解读，强调大器需晚成，在面对阻碍时应保持耐性，而不要急于求成。傅佩荣对此卦的解说突出了在时运、财运及人际关系中的等待与调节，提出应理顺饮食以求身体健康，同时在事业上，需审时度势，以积蓄实力，待时而发。需卦的核心哲学在于在逆境中保持镇定、守正待时，及小心谨慎而又充满信心地迈向成功。"
"周易中{
    ""content"": ""需卦"",
    ""summary"": ""在周易中，需卦是一个象征期待和耐心的卦象，由上卦坎（险）与下卦乾（健）相叠构成。此卦卦辞曰：“需。有孚，光亨，贞吉。利涉大川。”意味着亨通和吉利，尤其适合于渡水跨河之时。需卦象征着在移动与变动中需要等待合适的时机，强调在面对险阻时采用稳健的态度。云聚于天，暗示着未雨绸缪，以待时而动，君子由此出生机，悠闲地享受饮宴娱乐。

    此外，需卦反映北宋易学家邵雍的解读，强调大器需晚成，在面对阻碍时应保持耐性，而不要急于求成。傅佩荣对此卦的解说突出了在时运、财运及人际关系中的等待与调节，提出应理顺饮食以求身体健康，同时在事业上，需审时度势，以积蓄实力，待时而发。需卦的核心哲学在于在逆境中保持镇定、守正待时，及小心谨慎而又充满信心地迈向成功。""
}
``的解释是什么？","{
    ""content"": ""需卦"",
    ""summary"": ""在周易中，需卦是一个象征期待和耐心的卦象，由上卦坎（险）与下卦乾（健）相叠构成。此卦卦辞曰：“需。有孚，光亨，贞吉。利涉大川。”意味着亨通和吉利，尤其适合于渡水跨河之时。需卦象征着在移动与变动中需要等待合适的时机，强调在面对险阻时采用稳健的态度。云聚于天，暗示着未雨绸缪，以待时而动，君子由此出生机，悠闲地享受饮宴娱乐。

    此外，需卦反映北宋易学家邵雍的解读，强调大器需晚成，在面对阻碍时应保持耐性，而不要急于求成。傅佩荣对此卦的解说突出了在时运、财运及人际关系中的等待与调节，提出应理顺饮食以求身体健康，同时在事业上，需审时度势，以积蓄实力，待时而发。需卦的核心哲学在于在逆境中保持镇定、守正待时，及小心谨慎而又充满信心地迈向成功。"
"{
    ""content"": ""需卦"",
    ""summary"": ""在周易中，需卦是一个象征期待和耐心的卦象，由上卦坎（险）与下卦乾（健）相叠构成。此卦卦辞曰：“需。有孚，光亨，贞吉。利涉大川。”意味着亨通和吉利，尤其适合于渡水跨河之时。需卦象征着在移动与变动中需要等待合适的时机，强调在面对险阻时采用稳健的态度。云聚于天，暗示着未雨绸缪，以待时而动，君子由此出生机，悠闲地享受饮宴娱乐。

    此外，需卦反映北宋易学家邵雍的解读，强调大器需晚成，在面对阻碍时应保持耐性，而不要急于求成。傅佩荣对此卦的解说突出了在时运、财运及人际关系中的等待与调节，提出应理顺饮食以求身体健康，同时在事业上，需审时度势，以积蓄实力，待时而发。需卦的核心哲学在于在逆境中保持镇定、守正待时，及小心谨慎而又充满信心地迈向成功。""
}
``在周易中代表了哪些方面？","{
    ""content"": ""需卦"",
    ""summary"": ""在周易中，需卦是一个象征期待和耐心的卦象，由上卦坎（险）与下卦乾（健）相叠构成。此卦卦辞曰：“需。有孚，光亨，贞吉。利涉大川。”意味着亨通和吉利，尤其适合于渡水跨河之时。需卦象征着在移动与变动中需要等待合适的时机，强调在面对险阻时采用稳健的态度。云聚于天，暗示着未雨绸缪，以待时而动，君子由此出生机，悠闲地享受饮宴娱乐。

    此外，需卦反映北宋易学家邵雍的解读，强调大器需晚成，在面对阻碍时应保持耐性，而不要急于求成。傅佩荣对此卦的解说突出了在时运、财运及人际关系中的等待与调节，提出应理顺饮食以求身体健康，同时在事业上，需审时度势，以积蓄实力，待时而发。需卦的核心哲学在于在逆境中保持镇定、守正待时，及小心谨慎而又充满信心地迈向成功。"
"{
    ""content"": ""需卦"",
    ""summary"": ""在周易中，需卦是一个象征期待和耐心的卦象，由上卦坎（险）与下卦乾（健）相叠构成。此卦卦辞曰：“需。有孚，光亨，贞吉。利涉大川。”意味着亨通和吉利，尤其适合于渡水跨河之时。需卦象征着在移动与变动中需要等待合适的时机，强调在面对险阻时采用稳健的态度。云聚于天，暗示着未雨绸缪，以待时而动，君子由此出生机，悠闲地享受饮宴娱乐。

    此外，需卦反映北宋易学家邵雍的解读，强调大器需晚成，在面对阻碍时应保持耐性，而不要急于求成。傅佩荣对此卦的解说突出了在时运、财运及人际关系中的等待与调节，提出应理顺饮食以求身体健康，同时在事业上，需审时度势，以积蓄实力，待时而发。需卦的核心哲学在于在逆境中保持镇定、守正待时，及小心谨慎而又充满信心地迈向成功。""
}
``涉及哪些哲学思想？","{
    ""content"": ""需卦"",
    ""summary"": ""在周易中，需卦是一个象征期待和耐心的卦象，由上卦坎（险）与下卦乾（健）相叠构成。此卦卦辞曰：“需。有孚，光亨，贞吉。利涉大川。”意味着亨通和吉利，尤其适合于渡水跨河之时。需卦象征着在移动与变动中需要等待合适的时机，强调在面对险阻时采用稳健的态度。云聚于天，暗示着未雨绸缪，以待时而动，君子由此出生机，悠闲地享受饮宴娱乐。

    此外，需卦反映北宋易学家邵雍的解读，强调大器需晚成，在面对阻碍时应保持耐性，而不要急于求成。傅佩荣对此卦的解说突出了在时运、财运及人际关系中的等待与调节，提出应理顺饮食以求身体健康，同时在事业上，需审时度势，以积蓄实力，待时而发。需卦的核心哲学在于在逆境中保持镇定、守正待时，及小心谨慎而又充满信心地迈向成功。"
"周易中{
    ""content"": ""需卦"",
    ""summary"": ""在周易中，需卦是一个象征期待和耐心的卦象，由上卦坎（险）与下卦乾（健）相叠构成。此卦卦辞曰：“需。有孚，光亨，贞吉。利涉大川。”意味着亨通和吉利，尤其适合于渡水跨河之时。需卦象征着在移动与变动中需要等待合适的时机，强调在面对险阻时采用稳健的态度。云聚于天，暗示着未雨绸缪，以待时而动，君子由此出生机，悠闲地享受饮宴娱乐。

    此外，需卦反映北宋易学家邵雍的解读，强调大器需晚成，在面对阻碍时应保持耐性，而不要急于求成。傅佩荣对此卦的解说突出了在时运、财运及人际关系中的等待与调节，提出应理顺饮食以求身体健康，同时在事业上，需审时度势，以积蓄实力，待时而发。需卦的核心哲学在于在逆境中保持镇定、守正待时，及小心谨慎而又充满信心地迈向成功。""
}
``的象征意义是什么？","{
    ""content"": ""需卦"",
    ""summary"": ""在周易中，需卦是一个象征期待和耐心的卦象，由上卦坎（险）与下卦乾（健）相叠构成。此卦卦辞曰：“需。有孚，光亨，贞吉。利涉大川。”意味着亨通和吉利，尤其适合于渡水跨河之时。需卦象征着在移动与变动中需要等待合适的时机，强调在面对险阻时采用稳健的态度。云聚于天，暗示着未雨绸缪，以待时而动，君子由此出生机，悠闲地享受饮宴娱乐。

    此外，需卦反映北宋易学家邵雍的解读，强调大器需晚成，在面对阻碍时应保持耐性，而不要急于求成。傅佩荣对此卦的解说突出了在时运、财运及人际关系中的等待与调节，提出应理顺饮食以求身体健康，同时在事业上，需审时度势，以积蓄实力，待时而发。需卦的核心哲学在于在逆境中保持镇定、守正待时，及小心谨慎而又充满信心地迈向成功。"
"{
    ""content"": ""需卦"",
    ""summary"": ""在周易中，需卦是一个象征期待和耐心的卦象，由上卦坎（险）与下卦乾（健）相叠构成。此卦卦辞曰：“需。有孚，光亨，贞吉。利涉大川。”意味着亨通和吉利，尤其适合于渡水跨河之时。需卦象征着在移动与变动中需要等待合适的时机，强调在面对险阻时采用稳健的态度。云聚于天，暗示着未雨绸缪，以待时而动，君子由此出生机，悠闲地享受饮宴娱乐。

    此外，需卦反映北宋易学家邵雍的解读，强调大器需晚成，在面对阻碍时应保持耐性，而不要急于求成。傅佩荣对此卦的解说突出了在时运、财运及人际关系中的等待与调节，提出应理顺饮食以求身体健康，同时在事业上，需审时度势，以积蓄实力，待时而发。需卦的核心哲学在于在逆境中保持镇定、守正待时，及小心谨慎而又充满信心地迈向成功。""
}
``的主要讲述内容是什么？","{
    ""content"": ""需卦"",
    ""summary"": ""在周易中，需卦是一个象征期待和耐心的卦象，由上卦坎（险）与下卦乾（健）相叠构成。此卦卦辞曰：“需。有孚，光亨，贞吉。利涉大川。”意味着亨通和吉利，尤其适合于渡水跨河之时。需卦象征着在移动与变动中需要等待合适的时机，强调在面对险阻时采用稳健的态度。云聚于天，暗示着未雨绸缪，以待时而动，君子由此出生机，悠闲地享受饮宴娱乐。

    此外，需卦反映北宋易学家邵雍的解读，强调大器需晚成，在面对阻碍时应保持耐性，而不要急于求成。傅佩荣对此卦的解说突出了在时运、财运及人际关系中的等待与调节，提出应理顺饮食以求身体健康，同时在事业上，需审时度势，以积蓄实力，待时而发。需卦的核心哲学在于在逆境中保持镇定、守正待时，及小心谨慎而又充满信心地迈向成功。"
"周易{
    ""content"": ""需卦"",
    ""summary"": ""在周易中，需卦是一个象征期待和耐心的卦象，由上卦坎（险）与下卦乾（健）相叠构成。此卦卦辞曰：“需。有孚，光亨，贞吉。利涉大川。”意味着亨通和吉利，尤其适合于渡水跨河之时。需卦象征着在移动与变动中需要等待合适的时机，强调在面对险阻时采用稳健的态度。云聚于天，暗示着未雨绸缪，以待时而动，君子由此出生机，悠闲地享受饮宴娱乐。

    此外，需卦反映北宋易学家邵雍的解读，强调大器需晚成，在面对阻碍时应保持耐性，而不要急于求成。傅佩荣对此卦的解说突出了在时运、财运及人际关系中的等待与调节，提出应理顺饮食以求身体健康，同时在事业上，需审时度势，以积蓄实力，待时而发。需卦的核心哲学在于在逆境中保持镇定、守正待时，及小心谨慎而又充满信心地迈向成功。""
}
``的核心思想是什么？","{
    ""content"": ""需卦"",
    ""summary"": ""在周易中，需卦是一个象征期待和耐心的卦象，由上卦坎（险）与下卦乾（健）相叠构成。此卦卦辞曰：“需。有孚，光亨，贞吉。利涉大川。”意味着亨通和吉利，尤其适合于渡水跨河之时。需卦象征着在移动与变动中需要等待合适的时机，强调在面对险阻时采用稳健的态度。云聚于天，暗示着未雨绸缪，以待时而动，君子由此出生机，悠闲地享受饮宴娱乐。

    此外，需卦反映北宋易学家邵雍的解读，强调大器需晚成，在面对阻碍时应保持耐性，而不要急于求成。傅佩荣对此卦的解说突出了在时运、财运及人际关系中的等待与调节，提出应理顺饮食以求身体健康，同时在事业上，需审时度势，以积蓄实力，待时而发。需卦的核心哲学在于在逆境中保持镇定、守正待时，及小心谨慎而又充满信心地迈向成功。"
"{
    ""content"": ""需卦"",
    ""summary"": ""在周易中，需卦是一个象征期待和耐心的卦象，由上卦坎（险）与下卦乾（健）相叠构成。此卦卦辞曰：“需。有孚，光亨，贞吉。利涉大川。”意味着亨通和吉利，尤其适合于渡水跨河之时。需卦象征着在移动与变动中需要等待合适的时机，强调在面对险阻时采用稳健的态度。云聚于天，暗示着未雨绸缪，以待时而动，君子由此出生机，悠闲地享受饮宴娱乐。

    此外，需卦反映北宋易学家邵雍的解读，强调大器需晚成，在面对阻碍时应保持耐性，而不要急于求成。傅佩荣对此卦的解说突出了在时运、财运及人际关系中的等待与调节，提出应理顺饮食以求身体健康，同时在事业上，需审时度势，以积蓄实力，待时而发。需卦的核心哲学在于在逆境中保持镇定、守正待时，及小心谨慎而又充满信心地迈向成功。""
}
``和启蒙教育之间有何联系？","{
    ""content"": ""需卦"",
    ""summary"": ""在周易中，需卦是一个象征期待和耐心的卦象，由上卦坎（险）与下卦乾（健）相叠构成。此卦卦辞曰：“需。有孚，光亨，贞吉。利涉大川。”意味着亨通和吉利，尤其适合于渡水跨河之时。需卦象征着在移动与变动中需要等待合适的时机，强调在面对险阻时采用稳健的态度。云聚于天，暗示着未雨绸缪，以待时而动，君子由此出生机，悠闲地享受饮宴娱乐。

    此外，需卦反映北宋易学家邵雍的解读，强调大器需晚成，在面对阻碍时应保持耐性，而不要急于求成。傅佩荣对此卦的解说突出了在时运、财运及人际关系中的等待与调节，提出应理顺饮食以求身体健康，同时在事业上，需审时度势，以积蓄实力，待时而发。需卦的核心哲学在于在逆境中保持镇定、守正待时，及小心谨慎而又充满信心地迈向成功。"
"在周易中，{
    ""content"": ""需卦"",
    ""summary"": ""在周易中，需卦是一个象征期待和耐心的卦象，由上卦坎（险）与下卦乾（健）相叠构成。此卦卦辞曰：“需。有孚，光亨，贞吉。利涉大川。”意味着亨通和吉利，尤其适合于渡水跨河之时。需卦象征着在移动与变动中需要等待合适的时机，强调在面对险阻时采用稳健的态度。云聚于天，暗示着未雨绸缪，以待时而动，君子由此出生机，悠闲地享受饮宴娱乐。

    此外，需卦反映北宋易学家邵雍的解读，强调大器需晚成，在面对阻碍时应保持耐性，而不要急于求成。傅佩荣对此卦的解说突出了在时运、财运及人际关系中的等待与调节，提出应理顺饮食以求身体健康，同时在事业上，需审时度势，以积蓄实力，待时而发。需卦的核心哲学在于在逆境中保持镇定、守正待时，及小心谨慎而又充满信心地迈向成功。""
}
``象征着什么？","{
    ""content"": ""需卦"",
    ""summary"": ""在周易中，需卦是一个象征期待和耐心的卦象，由上卦坎（险）与下卦乾（健）相叠构成。此卦卦辞曰：“需。有孚，光亨，贞吉。利涉大川。”意味着亨通和吉利，尤其适合于渡水跨河之时。需卦象征着在移动与变动中需要等待合适的时机，强调在面对险阻时采用稳健的态度。云聚于天，暗示着未雨绸缪，以待时而动，君子由此出生机，悠闲地享受饮宴娱乐。

    此外，需卦反映北宋易学家邵雍的解读，强调大器需晚成，在面对阻碍时应保持耐性，而不要急于求成。傅佩荣对此卦的解说突出了在时运、财运及人际关系中的等待与调节，提出应理顺饮食以求身体健康，同时在事业上，需审时度势，以积蓄实力，待时而发。需卦的核心哲学在于在逆境中保持镇定、守正待时，及小心谨慎而又充满信心地迈向成功。"
"请描述{
    ""content"": ""需卦"",
    ""summary"": ""在周易中，需卦是一个象征期待和耐心的卦象，由上卦坎（险）与下卦乾（健）相叠构成。此卦卦辞曰：“需。有孚，光亨，贞吉。利涉大川。”意味着亨通和吉利，尤其适合于渡水跨河之时。需卦象征着在移动与变动中需要等待合适的时机，强调在面对险阻时采用稳健的态度。云聚于天，暗示着未雨绸缪，以待时而动，君子由此出生机，悠闲地享受饮宴娱乐。

    此外，需卦反映北宋易学家邵雍的解读，强调大器需晚成，在面对阻碍时应保持耐性，而不要急于求成。傅佩荣对此卦的解说突出了在时运、财运及人际关系中的等待与调节，提出应理顺饮食以求身体健康，同时在事业上，需审时度势，以积蓄实力，待时而发。需卦的核心哲学在于在逆境中保持镇定、守正待时，及小心谨慎而又充满信心地迈向成功。""
}
``的含义。","{
    ""content"": ""需卦"",
    ""summary"": ""在周易中，需卦是一个象征期待和耐心的卦象，由上卦坎（险）与下卦乾（健）相叠构成。此卦卦辞曰：“需。有孚，光亨，贞吉。利涉大川。”意味着亨通和吉利，尤其适合于渡水跨河之时。需卦象征着在移动与变动中需要等待合适的时机，强调在面对险阻时采用稳健的态度。云聚于天，暗示着未雨绸缪，以待时而动，君子由此出生机，悠闲地享受饮宴娱乐。

    此外，需卦反映北宋易学家邵雍的解读，强调大器需晚成，在面对阻碍时应保持耐性，而不要急于求成。傅佩荣对此卦的解说突出了在时运、财运及人际关系中的等待与调节，提出应理顺饮食以求身体健康，同时在事业上，需审时度势，以积蓄实力，待时而发。需卦的核心哲学在于在逆境中保持镇定、守正待时，及小心谨慎而又充满信心地迈向成功。"
"{
    ""content"": ""需卦"",
    ""summary"": ""在周易中，需卦是一个象征期待和耐心的卦象，由上卦坎（险）与下卦乾（健）相叠构成。此卦卦辞曰：“需。有孚，光亨，贞吉。利涉大川。”意味着亨通和吉利，尤其适合于渡水跨河之时。需卦象征着在移动与变动中需要等待合适的时机，强调在面对险阻时采用稳健的态度。云聚于天，暗示着未雨绸缪，以待时而动，君子由此出生机，悠闲地享受饮宴娱乐。

    此外，需卦反映北宋易学家邵雍的解读，强调大器需晚成，在面对阻碍时应保持耐性，而不要急于求成。傅佩荣对此卦的解说突出了在时运、财运及人际关系中的等待与调节，提出应理顺饮食以求身体健康，同时在事业上，需审时度势，以积蓄实力，待时而发。需卦的核心哲学在于在逆境中保持镇定、守正待时，及小心谨慎而又充满信心地迈向成功。""
}
``在周易哲学中扮演什么角色？","{
    ""content"": ""需卦"",
    ""summary"": ""在周易中，需卦是一个象征期待和耐心的卦象，由上卦坎（险）与下卦乾（健）相叠构成。此卦卦辞曰：“需。有孚，光亨，贞吉。利涉大川。”意味着亨通和吉利，尤其适合于渡水跨河之时。需卦象征着在移动与变动中需要等待合适的时机，强调在面对险阻时采用稳健的态度。云聚于天，暗示着未雨绸缪，以待时而动，君子由此出生机，悠闲地享受饮宴娱乐。

    此外，需卦反映北宋易学家邵雍的解读，强调大器需晚成，在面对阻碍时应保持耐性，而不要急于求成。傅佩荣对此卦的解说突出了在时运、财运及人际关系中的等待与调节，提出应理顺饮食以求身体健康，同时在事业上，需审时度势，以积蓄实力，待时而发。需卦的核心哲学在于在逆境中保持镇定、守正待时，及小心谨慎而又充满信心地迈向成功。"
讼卦代表什么？,"在周易中，讼卦象征着争讼与冲突，其原文是“讼。有孚，窒惕，中吉，终凶。利见大人，不利涉大川。”这卦的寓意是虽然有所利可图，但也需保持警惕，以避免潜在的风险。其初期或有吉兆，但最终却趋向凶险。

讼卦的结构为上卦乾（天）与下卦坎（水）。这代表了天与水的相违，象征着事理的乖舛。君子应从此卦象中领悟，预见争讼的恶果，以此来警示自己在行动时须谨慎。

在关于讼卦的解读中，北宋易学家邵雍指出：“天高水深，达远不亲；慎谋退守，敬畏无凶。”这说明处于争论中的人应保持内心的安宁，避免不必要的争斗。台湾国学大儒傅佩荣也提到，在时运上功名受阻，不宜树敌，意在提醒求者注意可能的阻碍。

在传统解卦中，讼卦的争强好胜和对立的特性使得一切行动都需小心翼翼。商业交往中宜和气生财，避免不义之财。求名方面则需隐忍自励，应依靠有地位的人的帮助，顺应时势，采纳他人之见，以寻求成功。

总之，讼卦的核心教义是要警惕争讼的风险，保持谦卑和谨慎，合理处理与他人的关系，才能在不利环境中得以自保与进步。即使在面临冲突时，保持良好的心态与合作的精神，仍能避免身陷困境。"
周易中的讼卦含义是什么？,"在周易中，讼卦象征着争讼与冲突，其原文是“讼。有孚，窒惕，中吉，终凶。利见大人，不利涉大川。”这卦的寓意是虽然有所利可图，但也需保持警惕，以避免潜在的风险。其初期或有吉兆，但最终却趋向凶险。

讼卦的结构为上卦乾（天）与下卦坎（水）。这代表了天与水的相违，象征着事理的乖舛。君子应从此卦象中领悟，预见争讼的恶果，以此来警示自己在行动时须谨慎。

在关于讼卦的解读中，北宋易学家邵雍指出：“天高水深，达远不亲；慎谋退守，敬畏无凶。”这说明处于争论中的人应保持内心的安宁，避免不必要的争斗。台湾国学大儒傅佩荣也提到，在时运上功名受阻，不宜树敌，意在提醒求者注意可能的阻碍。

在传统解卦中，讼卦的争强好胜和对立的特性使得一切行动都需小心翼翼。商业交往中宜和气生财，避免不义之财。求名方面则需隐忍自励，应依靠有地位的人的帮助，顺应时势，采纳他人之见，以寻求成功。

总之，讼卦的核心教义是要警惕争讼的风险，保持谦卑和谨慎，合理处理与他人的关系，才能在不利环境中得以自保与进步。即使在面临冲突时，保持良好的心态与合作的精神，仍能避免身陷困境。"
请解释一下讼卦。,"在周易中，讼卦象征着争讼与冲突，其原文是“讼。有孚，窒惕，中吉，终凶。利见大人，不利涉大川。”这卦的寓意是虽然有所利可图，但也需保持警惕，以避免潜在的风险。其初期或有吉兆，但最终却趋向凶险。

讼卦的结构为上卦乾（天）与下卦坎（水）。这代表了天与水的相违，象征着事理的乖舛。君子应从此卦象中领悟，预见争讼的恶果，以此来警示自己在行动时须谨慎。

在关于讼卦的解读中，北宋易学家邵雍指出：“天高水深，达远不亲；慎谋退守，敬畏无凶。”这说明处于争论中的人应保持内心的安宁，避免不必要的争斗。台湾国学大儒傅佩荣也提到，在时运上功名受阻，不宜树敌，意在提醒求者注意可能的阻碍。

在传统解卦中，讼卦的争强好胜和对立的特性使得一切行动都需小心翼翼。商业交往中宜和气生财，避免不义之财。求名方面则需隐忍自励，应依靠有地位的人的帮助，顺应时势，采纳他人之见，以寻求成功。

总之，讼卦的核心教义是要警惕争讼的风险，保持谦卑和谨慎，合理处理与他人的关系，才能在不利环境中得以自保与进步。即使在面临冲突时，保持良好的心态与合作的精神，仍能避免身陷困境。"
讼卦在周易中是什么象征？,"在周易中，讼卦象征着争讼与冲突，其原文是“讼。有孚，窒惕，中吉，终凶。利见大人，不利涉大川。”这卦的寓意是虽然有所利可图，但也需保持警惕，以避免潜在的风险。其初期或有吉兆，但最终却趋向凶险。

讼卦的结构为上卦乾（天）与下卦坎（水）。这代表了天与水的相违，象征着事理的乖舛。君子应从此卦象中领悟，预见争讼的恶果，以此来警示自己在行动时须谨慎。

在关于讼卦的解读中，北宋易学家邵雍指出：“天高水深，达远不亲；慎谋退守，敬畏无凶。”这说明处于争论中的人应保持内心的安宁，避免不必要的争斗。台湾国学大儒傅佩荣也提到，在时运上功名受阻，不宜树敌，意在提醒求者注意可能的阻碍。

在传统解卦中，讼卦的争强好胜和对立的特性使得一切行动都需小心翼翼。商业交往中宜和气生财，避免不义之财。求名方面则需隐忍自励，应依靠有地位的人的帮助，顺应时势，采纳他人之见，以寻求成功。

总之，讼卦的核心教义是要警惕争讼的风险，保持谦卑和谨慎，合理处理与他人的关系，才能在不利环境中得以自保与进步。即使在面临冲突时，保持良好的心态与合作的精神，仍能避免身陷困境。"
周易讼卦的深层含义是什么？,"在周易中，讼卦象征着争讼与冲突，其原文是“讼。有孚，窒惕，中吉，终凶。利见大人，不利涉大川。”这卦的寓意是虽然有所利可图，但也需保持警惕，以避免潜在的风险。其初期或有吉兆，但最终却趋向凶险。

讼卦的结构为上卦乾（天）与下卦坎（水）。这代表了天与水的相违，象征着事理的乖舛。君子应从此卦象中领悟，预见争讼的恶果，以此来警示自己在行动时须谨慎。

在关于讼卦的解读中，北宋易学家邵雍指出：“天高水深，达远不亲；慎谋退守，敬畏无凶。”这说明处于争论中的人应保持内心的安宁，避免不必要的争斗。台湾国学大儒傅佩荣也提到，在时运上功名受阻，不宜树敌，意在提醒求者注意可能的阻碍。

在传统解卦中，讼卦的争强好胜和对立的特性使得一切行动都需小心翼翼。商业交往中宜和气生财，避免不义之财。求名方面则需隐忍自励，应依靠有地位的人的帮助，顺应时势，采纳他人之见，以寻求成功。

总之，讼卦的核心教义是要警惕争讼的风险，保持谦卑和谨慎，合理处理与他人的关系，才能在不利环境中得以自保与进步。即使在面临冲突时，保持良好的心态与合作的精神，仍能避免身陷困境。"
讼卦和教育启蒙有什么联系？,"在周易中，讼卦象征着争讼与冲突，其原文是“讼。有孚，窒惕，中吉，终凶。利见大人，不利涉大川。”这卦的寓意是虽然有所利可图，但也需保持警惕，以避免潜在的风险。其初期或有吉兆，但最终却趋向凶险。

讼卦的结构为上卦乾（天）与下卦坎（水）。这代表了天与水的相违，象征着事理的乖舛。君子应从此卦象中领悟，预见争讼的恶果，以此来警示自己在行动时须谨慎。

在关于讼卦的解读中，北宋易学家邵雍指出：“天高水深，达远不亲；慎谋退守，敬畏无凶。”这说明处于争论中的人应保持内心的安宁，避免不必要的争斗。台湾国学大儒傅佩荣也提到，在时运上功名受阻，不宜树敌，意在提醒求者注意可能的阻碍。

在传统解卦中，讼卦的争强好胜和对立的特性使得一切行动都需小心翼翼。商业交往中宜和气生财，避免不义之财。求名方面则需隐忍自励，应依靠有地位的人的帮助，顺应时势，采纳他人之见，以寻求成功。

总之，讼卦的核心教义是要警惕争讼的风险，保持谦卑和谨慎，合理处理与他人的关系，才能在不利环境中得以自保与进步。即使在面临冲突时，保持良好的心态与合作的精神，仍能避免身陷困境。"
周易的讼卦讲述了什么？,"在周易中，讼卦象征着争讼与冲突，其原文是“讼。有孚，窒惕，中吉，终凶。利见大人，不利涉大川。”这卦的寓意是虽然有所利可图，但也需保持警惕，以避免潜在的风险。其初期或有吉兆，但最终却趋向凶险。

讼卦的结构为上卦乾（天）与下卦坎（水）。这代表了天与水的相违，象征着事理的乖舛。君子应从此卦象中领悟，预见争讼的恶果，以此来警示自己在行动时须谨慎。

在关于讼卦的解读中，北宋易学家邵雍指出：“天高水深，达远不亲；慎谋退守，敬畏无凶。”这说明处于争论中的人应保持内心的安宁，避免不必要的争斗。台湾国学大儒傅佩荣也提到，在时运上功名受阻，不宜树敌，意在提醒求者注意可能的阻碍。

在传统解卦中，讼卦的争强好胜和对立的特性使得一切行动都需小心翼翼。商业交往中宜和气生财，避免不义之财。求名方面则需隐忍自励，应依靠有地位的人的帮助，顺应时势，采纳他人之见，以寻求成功。

总之，讼卦的核心教义是要警惕争讼的风险，保持谦卑和谨慎，合理处理与他人的关系，才能在不利环境中得以自保与进步。即使在面临冲突时，保持良好的心态与合作的精神，仍能避免身陷困境。"
讼卦是怎样的一个卦象？,"在周易中，讼卦象征着争讼与冲突，其原文是“讼。有孚，窒惕，中吉，终凶。利见大人，不利涉大川。”这卦的寓意是虽然有所利可图，但也需保持警惕，以避免潜在的风险。其初期或有吉兆，但最终却趋向凶险。

讼卦的结构为上卦乾（天）与下卦坎（水）。这代表了天与水的相违，象征着事理的乖舛。君子应从此卦象中领悟，预见争讼的恶果，以此来警示自己在行动时须谨慎。

在关于讼卦的解读中，北宋易学家邵雍指出：“天高水深，达远不亲；慎谋退守，敬畏无凶。”这说明处于争论中的人应保持内心的安宁，避免不必要的争斗。台湾国学大儒傅佩荣也提到，在时运上功名受阻，不宜树敌，意在提醒求者注意可能的阻碍。

在传统解卦中，讼卦的争强好胜和对立的特性使得一切行动都需小心翼翼。商业交往中宜和气生财，避免不义之财。求名方面则需隐忍自励，应依靠有地位的人的帮助，顺应时势，采纳他人之见，以寻求成功。

总之，讼卦的核心教义是要警惕争讼的风险，保持谦卑和谨慎，合理处理与他人的关系，才能在不利环境中得以自保与进步。即使在面临冲突时，保持良好的心态与合作的精神，仍能避免身陷困境。"
讼卦在周易中怎样表达教育的概念？,"在周易中，讼卦象征着争讼与冲突，其原文是“讼。有孚，窒惕，中吉，终凶。利见大人，不利涉大川。”这卦的寓意是虽然有所利可图，但也需保持警惕，以避免潜在的风险。其初期或有吉兆，但最终却趋向凶险。

讼卦的结构为上卦乾（天）与下卦坎（水）。这代表了天与水的相违，象征着事理的乖舛。君子应从此卦象中领悟，预见争讼的恶果，以此来警示自己在行动时须谨慎。

在关于讼卦的解读中，北宋易学家邵雍指出：“天高水深，达远不亲；慎谋退守，敬畏无凶。”这说明处于争论中的人应保持内心的安宁，避免不必要的争斗。台湾国学大儒傅佩荣也提到，在时运上功名受阻，不宜树敌，意在提醒求者注意可能的阻碍。

在传统解卦中，讼卦的争强好胜和对立的特性使得一切行动都需小心翼翼。商业交往中宜和气生财，避免不义之财。求名方面则需隐忍自励，应依靠有地位的人的帮助，顺应时势，采纳他人之见，以寻求成功。

总之，讼卦的核心教义是要警惕争讼的风险，保持谦卑和谨慎，合理处理与他人的关系，才能在不利环境中得以自保与进步。即使在面临冲突时，保持良好的心态与合作的精神，仍能避免身陷困境。"
讼卦的基本意义是什么？,"在周易中，讼卦象征着争讼与冲突，其原文是“讼。有孚，窒惕，中吉，终凶。利见大人，不利涉大川。”这卦的寓意是虽然有所利可图，但也需保持警惕，以避免潜在的风险。其初期或有吉兆，但最终却趋向凶险。

讼卦的结构为上卦乾（天）与下卦坎（水）。这代表了天与水的相违，象征着事理的乖舛。君子应从此卦象中领悟，预见争讼的恶果，以此来警示自己在行动时须谨慎。

在关于讼卦的解读中，北宋易学家邵雍指出：“天高水深，达远不亲；慎谋退守，敬畏无凶。”这说明处于争论中的人应保持内心的安宁，避免不必要的争斗。台湾国学大儒傅佩荣也提到，在时运上功名受阻，不宜树敌，意在提醒求者注意可能的阻碍。

在传统解卦中，讼卦的争强好胜和对立的特性使得一切行动都需小心翼翼。商业交往中宜和气生财，避免不义之财。求名方面则需隐忍自励，应依靠有地位的人的帮助，顺应时势，采纳他人之见，以寻求成功。

总之，讼卦的核心教义是要警惕争讼的风险，保持谦卑和谨慎，合理处理与他人的关系，才能在不利环境中得以自保与进步。即使在面临冲突时，保持良好的心态与合作的精神，仍能避免身陷困境。"
周易中讼卦的解释是什么？,"在周易中，讼卦象征着争讼与冲突，其原文是“讼。有孚，窒惕，中吉，终凶。利见大人，不利涉大川。”这卦的寓意是虽然有所利可图，但也需保持警惕，以避免潜在的风险。其初期或有吉兆，但最终却趋向凶险。

讼卦的结构为上卦乾（天）与下卦坎（水）。这代表了天与水的相违，象征着事理的乖舛。君子应从此卦象中领悟，预见争讼的恶果，以此来警示自己在行动时须谨慎。

在关于讼卦的解读中，北宋易学家邵雍指出：“天高水深，达远不亲；慎谋退守，敬畏无凶。”这说明处于争论中的人应保持内心的安宁，避免不必要的争斗。台湾国学大儒傅佩荣也提到，在时运上功名受阻，不宜树敌，意在提醒求者注意可能的阻碍。

在传统解卦中，讼卦的争强好胜和对立的特性使得一切行动都需小心翼翼。商业交往中宜和气生财，避免不义之财。求名方面则需隐忍自励，应依靠有地位的人的帮助，顺应时势，采纳他人之见，以寻求成功。

总之，讼卦的核心教义是要警惕争讼的风险，保持谦卑和谨慎，合理处理与他人的关系，才能在不利环境中得以自保与进步。即使在面临冲突时，保持良好的心态与合作的精神，仍能避免身陷困境。"
讼卦在周易中代表了哪些方面？,"在周易中，讼卦象征着争讼与冲突，其原文是“讼。有孚，窒惕，中吉，终凶。利见大人，不利涉大川。”这卦的寓意是虽然有所利可图，但也需保持警惕，以避免潜在的风险。其初期或有吉兆，但最终却趋向凶险。

讼卦的结构为上卦乾（天）与下卦坎（水）。这代表了天与水的相违，象征着事理的乖舛。君子应从此卦象中领悟，预见争讼的恶果，以此来警示自己在行动时须谨慎。

在关于讼卦的解读中，北宋易学家邵雍指出：“天高水深，达远不亲；慎谋退守，敬畏无凶。”这说明处于争论中的人应保持内心的安宁，避免不必要的争斗。台湾国学大儒傅佩荣也提到，在时运上功名受阻，不宜树敌，意在提醒求者注意可能的阻碍。

在传统解卦中，讼卦的争强好胜和对立的特性使得一切行动都需小心翼翼。商业交往中宜和气生财，避免不义之财。求名方面则需隐忍自励，应依靠有地位的人的帮助，顺应时势，采纳他人之见，以寻求成功。

总之，讼卦的核心教义是要警惕争讼的风险，保持谦卑和谨慎，合理处理与他人的关系，才能在不利环境中得以自保与进步。即使在面临冲突时，保持良好的心态与合作的精神，仍能避免身陷困境。"
讼卦涉及哪些哲学思想？,"在周易中，讼卦象征着争讼与冲突，其原文是“讼。有孚，窒惕，中吉，终凶。利见大人，不利涉大川。”这卦的寓意是虽然有所利可图，但也需保持警惕，以避免潜在的风险。其初期或有吉兆，但最终却趋向凶险。

讼卦的结构为上卦乾（天）与下卦坎（水）。这代表了天与水的相违，象征着事理的乖舛。君子应从此卦象中领悟，预见争讼的恶果，以此来警示自己在行动时须谨慎。

在关于讼卦的解读中，北宋易学家邵雍指出：“天高水深，达远不亲；慎谋退守，敬畏无凶。”这说明处于争论中的人应保持内心的安宁，避免不必要的争斗。台湾国学大儒傅佩荣也提到，在时运上功名受阻，不宜树敌，意在提醒求者注意可能的阻碍。

在传统解卦中，讼卦的争强好胜和对立的特性使得一切行动都需小心翼翼。商业交往中宜和气生财，避免不义之财。求名方面则需隐忍自励，应依靠有地位的人的帮助，顺应时势，采纳他人之见，以寻求成功。

总之，讼卦的核心教义是要警惕争讼的风险，保持谦卑和谨慎，合理处理与他人的关系，才能在不利环境中得以自保与进步。即使在面临冲突时，保持良好的心态与合作的精神，仍能避免身陷困境。"
周易中讼卦的象征意义是什么？,"在周易中，讼卦象征着争讼与冲突，其原文是“讼。有孚，窒惕，中吉，终凶。利见大人，不利涉大川。”这卦的寓意是虽然有所利可图，但也需保持警惕，以避免潜在的风险。其初期或有吉兆，但最终却趋向凶险。

讼卦的结构为上卦乾（天）与下卦坎（水）。这代表了天与水的相违，象征着事理的乖舛。君子应从此卦象中领悟，预见争讼的恶果，以此来警示自己在行动时须谨慎。

在关于讼卦的解读中，北宋易学家邵雍指出：“天高水深，达远不亲；慎谋退守，敬畏无凶。”这说明处于争论中的人应保持内心的安宁，避免不必要的争斗。台湾国学大儒傅佩荣也提到，在时运上功名受阻，不宜树敌，意在提醒求者注意可能的阻碍。

在传统解卦中，讼卦的争强好胜和对立的特性使得一切行动都需小心翼翼。商业交往中宜和气生财，避免不义之财。求名方面则需隐忍自励，应依靠有地位的人的帮助，顺应时势，采纳他人之见，以寻求成功。

总之，讼卦的核心教义是要警惕争讼的风险，保持谦卑和谨慎，合理处理与他人的关系，才能在不利环境中得以自保与进步。即使在面临冲突时，保持良好的心态与合作的精神，仍能避免身陷困境。"
讼卦的主要讲述内容是什么？,"在周易中，讼卦象征着争讼与冲突，其原文是“讼。有孚，窒惕，中吉，终凶。利见大人，不利涉大川。”这卦的寓意是虽然有所利可图，但也需保持警惕，以避免潜在的风险。其初期或有吉兆，但最终却趋向凶险。

讼卦的结构为上卦乾（天）与下卦坎（水）。这代表了天与水的相违，象征着事理的乖舛。君子应从此卦象中领悟，预见争讼的恶果，以此来警示自己在行动时须谨慎。

在关于讼卦的解读中，北宋易学家邵雍指出：“天高水深，达远不亲；慎谋退守，敬畏无凶。”这说明处于争论中的人应保持内心的安宁，避免不必要的争斗。台湾国学大儒傅佩荣也提到，在时运上功名受阻，不宜树敌，意在提醒求者注意可能的阻碍。

在传统解卦中，讼卦的争强好胜和对立的特性使得一切行动都需小心翼翼。商业交往中宜和气生财，避免不义之财。求名方面则需隐忍自励，应依靠有地位的人的帮助，顺应时势，采纳他人之见，以寻求成功。

总之，讼卦的核心教义是要警惕争讼的风险，保持谦卑和谨慎，合理处理与他人的关系，才能在不利环境中得以自保与进步。即使在面临冲突时，保持良好的心态与合作的精神，仍能避免身陷困境。"
周易讼卦的核心思想是什么？,"在周易中，讼卦象征着争讼与冲突，其原文是“讼。有孚，窒惕，中吉，终凶。利见大人，不利涉大川。”这卦的寓意是虽然有所利可图，但也需保持警惕，以避免潜在的风险。其初期或有吉兆，但最终却趋向凶险。

讼卦的结构为上卦乾（天）与下卦坎（水）。这代表了天与水的相违，象征着事理的乖舛。君子应从此卦象中领悟，预见争讼的恶果，以此来警示自己在行动时须谨慎。

在关于讼卦的解读中，北宋易学家邵雍指出：“天高水深，达远不亲；慎谋退守，敬畏无凶。”这说明处于争论中的人应保持内心的安宁，避免不必要的争斗。台湾国学大儒傅佩荣也提到，在时运上功名受阻，不宜树敌，意在提醒求者注意可能的阻碍。

在传统解卦中，讼卦的争强好胜和对立的特性使得一切行动都需小心翼翼。商业交往中宜和气生财，避免不义之财。求名方面则需隐忍自励，应依靠有地位的人的帮助，顺应时势，采纳他人之见，以寻求成功。

总之，讼卦的核心教义是要警惕争讼的风险，保持谦卑和谨慎，合理处理与他人的关系，才能在不利环境中得以自保与进步。即使在面临冲突时，保持良好的心态与合作的精神，仍能避免身陷困境。"
讼卦和启蒙教育之间有何联系？,"在周易中，讼卦象征着争讼与冲突，其原文是“讼。有孚，窒惕，中吉，终凶。利见大人，不利涉大川。”这卦的寓意是虽然有所利可图，但也需保持警惕，以避免潜在的风险。其初期或有吉兆，但最终却趋向凶险。

讼卦的结构为上卦乾（天）与下卦坎（水）。这代表了天与水的相违，象征着事理的乖舛。君子应从此卦象中领悟，预见争讼的恶果，以此来警示自己在行动时须谨慎。

在关于讼卦的解读中，北宋易学家邵雍指出：“天高水深，达远不亲；慎谋退守，敬畏无凶。”这说明处于争论中的人应保持内心的安宁，避免不必要的争斗。台湾国学大儒傅佩荣也提到，在时运上功名受阻，不宜树敌，意在提醒求者注意可能的阻碍。

在传统解卦中，讼卦的争强好胜和对立的特性使得一切行动都需小心翼翼。商业交往中宜和气生财，避免不义之财。求名方面则需隐忍自励，应依靠有地位的人的帮助，顺应时势，采纳他人之见，以寻求成功。

总之，讼卦的核心教义是要警惕争讼的风险，保持谦卑和谨慎，合理处理与他人的关系，才能在不利环境中得以自保与进步。即使在面临冲突时，保持良好的心态与合作的精神，仍能避免身陷困境。"
在周易中，讼卦象征着什么？,"在周易中，讼卦象征着争讼与冲突，其原文是“讼。有孚，窒惕，中吉，终凶。利见大人，不利涉大川。”这卦的寓意是虽然有所利可图，但也需保持警惕，以避免潜在的风险。其初期或有吉兆，但最终却趋向凶险。

讼卦的结构为上卦乾（天）与下卦坎（水）。这代表了天与水的相违，象征着事理的乖舛。君子应从此卦象中领悟，预见争讼的恶果，以此来警示自己在行动时须谨慎。

在关于讼卦的解读中，北宋易学家邵雍指出：“天高水深，达远不亲；慎谋退守，敬畏无凶。”这说明处于争论中的人应保持内心的安宁，避免不必要的争斗。台湾国学大儒傅佩荣也提到，在时运上功名受阻，不宜树敌，意在提醒求者注意可能的阻碍。

在传统解卦中，讼卦的争强好胜和对立的特性使得一切行动都需小心翼翼。商业交往中宜和气生财，避免不义之财。求名方面则需隐忍自励，应依靠有地位的人的帮助，顺应时势，采纳他人之见，以寻求成功。

总之，讼卦的核心教义是要警惕争讼的风险，保持谦卑和谨慎，合理处理与他人的关系，才能在不利环境中得以自保与进步。即使在面临冲突时，保持良好的心态与合作的精神，仍能避免身陷困境。"
请描述讼卦的含义。,"在周易中，讼卦象征着争讼与冲突，其原文是“讼。有孚，窒惕，中吉，终凶。利见大人，不利涉大川。”这卦的寓意是虽然有所利可图，但也需保持警惕，以避免潜在的风险。其初期或有吉兆，但最终却趋向凶险。

讼卦的结构为上卦乾（天）与下卦坎（水）。这代表了天与水的相违，象征着事理的乖舛。君子应从此卦象中领悟，预见争讼的恶果，以此来警示自己在行动时须谨慎。

在关于讼卦的解读中，北宋易学家邵雍指出：“天高水深，达远不亲；慎谋退守，敬畏无凶。”这说明处于争论中的人应保持内心的安宁，避免不必要的争斗。台湾国学大儒傅佩荣也提到，在时运上功名受阻，不宜树敌，意在提醒求者注意可能的阻碍。

在传统解卦中，讼卦的争强好胜和对立的特性使得一切行动都需小心翼翼。商业交往中宜和气生财，避免不义之财。求名方面则需隐忍自励，应依靠有地位的人的帮助，顺应时势，采纳他人之见，以寻求成功。

总之，讼卦的核心教义是要警惕争讼的风险，保持谦卑和谨慎，合理处理与他人的关系，才能在不利环境中得以自保与进步。即使在面临冲突时，保持良好的心态与合作的精神，仍能避免身陷困境。"
讼卦在周易哲学中扮演什么角色？,"在周易中，讼卦象征着争讼与冲突，其原文是“讼。有孚，窒惕，中吉，终凶。利见大人，不利涉大川。”这卦的寓意是虽然有所利可图，但也需保持警惕，以避免潜在的风险。其初期或有吉兆，但最终却趋向凶险。

讼卦的结构为上卦乾（天）与下卦坎（水）。这代表了天与水的相违，象征着事理的乖舛。君子应从此卦象中领悟，预见争讼的恶果，以此来警示自己在行动时须谨慎。

在关于讼卦的解读中，北宋易学家邵雍指出：“天高水深，达远不亲；慎谋退守，敬畏无凶。”这说明处于争论中的人应保持内心的安宁，避免不必要的争斗。台湾国学大儒傅佩荣也提到，在时运上功名受阻，不宜树敌，意在提醒求者注意可能的阻碍。

在传统解卦中，讼卦的争强好胜和对立的特性使得一切行动都需小心翼翼。商业交往中宜和气生财，避免不义之财。求名方面则需隐忍自励，应依靠有地位的人的帮助，顺应时势，采纳他人之见，以寻求成功。

总之，讼卦的核心教义是要警惕争讼的风险，保持谦卑和谨慎，合理处理与他人的关系，才能在不利环境中得以自保与进步。即使在面临冲突时，保持良好的心态与合作的精神，仍能避免身陷困境。"
师卦代表什么？,"师卦在周易中是一个富有象征意义的卦象，由下卦坎（水）和上卦坤（地）组成，象征着“地中有水”。这一卦的含义主要围绕军事与领导智慧，代表了缺乏灾祸的良好指引。通过涵养和容纳民众，君子能如同大地承载江河，宽厚包容。

从《断易天机》的解读来看，师卦提示在选择军中的统帅时，应以德高望重者为首，方能获得吉祥而无损。也有解读指出，此卦同时暗示兵力众多带来的困扰，需要公正公平，努力克服困难。

傅佩荣老师分析了师卦的现实运势，指出在时运中应包容他人，稳重修行。财运方面则表示有良好的积蓄，可以珍惜；家宅方面有喜事；身体健康需注意气调，避免肠胃不适。

传统解卦中，师卦体现出通过正当手段解决矛盾，强调不要孤行独断，必须小心谨慎。若在职业与商业上运用，须靠合作与沟通，以刚毅的态度面对竞争，实现目标。在婚恋方面，需专注而谨慎，避免复杂关系的出现。

总结来说，师卦鼓励在困境中保持沉着，运用智慧与策略去应对挑战，以求取更大的成功与和谐。"
周易中的师卦含义是什么？,"师卦在周易中是一个富有象征意义的卦象，由下卦坎（水）和上卦坤（地）组成，象征着“地中有水”。这一卦的含义主要围绕军事与领导智慧，代表了缺乏灾祸的良好指引。通过涵养和容纳民众，君子能如同大地承载江河，宽厚包容。

从《断易天机》的解读来看，师卦提示在选择军中的统帅时，应以德高望重者为首，方能获得吉祥而无损。也有解读指出，此卦同时暗示兵力众多带来的困扰，需要公正公平，努力克服困难。

傅佩荣老师分析了师卦的现实运势，指出在时运中应包容他人，稳重修行。财运方面则表示有良好的积蓄，可以珍惜；家宅方面有喜事；身体健康需注意气调，避免肠胃不适。

传统解卦中，师卦体现出通过正当手段解决矛盾，强调不要孤行独断，必须小心谨慎。若在职业与商业上运用，须靠合作与沟通，以刚毅的态度面对竞争，实现目标。在婚恋方面，需专注而谨慎，避免复杂关系的出现。

总结来说，师卦鼓励在困境中保持沉着，运用智慧与策略去应对挑战，以求取更大的成功与和谐。"
请解释一下师卦。,"师卦在周易中是一个富有象征意义的卦象，由下卦坎（水）和上卦坤（地）组成，象征着“地中有水”。这一卦的含义主要围绕军事与领导智慧，代表了缺乏灾祸的良好指引。通过涵养和容纳民众，君子能如同大地承载江河，宽厚包容。

从《断易天机》的解读来看，师卦提示在选择军中的统帅时，应以德高望重者为首，方能获得吉祥而无损。也有解读指出，此卦同时暗示兵力众多带来的困扰，需要公正公平，努力克服困难。

傅佩荣老师分析了师卦的现实运势，指出在时运中应包容他人，稳重修行。财运方面则表示有良好的积蓄，可以珍惜；家宅方面有喜事；身体健康需注意气调，避免肠胃不适。

传统解卦中，师卦体现出通过正当手段解决矛盾，强调不要孤行独断，必须小心谨慎。若在职业与商业上运用，须靠合作与沟通，以刚毅的态度面对竞争，实现目标。在婚恋方面，需专注而谨慎，避免复杂关系的出现。

总结来说，师卦鼓励在困境中保持沉着，运用智慧与策略去应对挑战，以求取更大的成功与和谐。"
师卦在周易中是什么象征？,"师卦在周易中是一个富有象征意义的卦象，由下卦坎（水）和上卦坤（地）组成，象征着“地中有水”。这一卦的含义主要围绕军事与领导智慧，代表了缺乏灾祸的良好指引。通过涵养和容纳民众，君子能如同大地承载江河，宽厚包容。

从《断易天机》的解读来看，师卦提示在选择军中的统帅时，应以德高望重者为首，方能获得吉祥而无损。也有解读指出，此卦同时暗示兵力众多带来的困扰，需要公正公平，努力克服困难。

傅佩荣老师分析了师卦的现实运势，指出在时运中应包容他人，稳重修行。财运方面则表示有良好的积蓄，可以珍惜；家宅方面有喜事；身体健康需注意气调，避免肠胃不适。

传统解卦中，师卦体现出通过正当手段解决矛盾，强调不要孤行独断，必须小心谨慎。若在职业与商业上运用，须靠合作与沟通，以刚毅的态度面对竞争，实现目标。在婚恋方面，需专注而谨慎，避免复杂关系的出现。

总结来说，师卦鼓励在困境中保持沉着，运用智慧与策略去应对挑战，以求取更大的成功与和谐。"
周易师卦的深层含义是什么？,"师卦在周易中是一个富有象征意义的卦象，由下卦坎（水）和上卦坤（地）组成，象征着“地中有水”。这一卦的含义主要围绕军事与领导智慧，代表了缺乏灾祸的良好指引。通过涵养和容纳民众，君子能如同大地承载江河，宽厚包容。

从《断易天机》的解读来看，师卦提示在选择军中的统帅时，应以德高望重者为首，方能获得吉祥而无损。也有解读指出，此卦同时暗示兵力众多带来的困扰，需要公正公平，努力克服困难。

傅佩荣老师分析了师卦的现实运势，指出在时运中应包容他人，稳重修行。财运方面则表示有良好的积蓄，可以珍惜；家宅方面有喜事；身体健康需注意气调，避免肠胃不适。

传统解卦中，师卦体现出通过正当手段解决矛盾，强调不要孤行独断，必须小心谨慎。若在职业与商业上运用，须靠合作与沟通，以刚毅的态度面对竞争，实现目标。在婚恋方面，需专注而谨慎，避免复杂关系的出现。

总结来说，师卦鼓励在困境中保持沉着，运用智慧与策略去应对挑战，以求取更大的成功与和谐。"
师卦和教育启蒙有什么联系？,"师卦在周易中是一个富有象征意义的卦象，由下卦坎（水）和上卦坤（地）组成，象征着“地中有水”。这一卦的含义主要围绕军事与领导智慧，代表了缺乏灾祸的良好指引。通过涵养和容纳民众，君子能如同大地承载江河，宽厚包容。

从《断易天机》的解读来看，师卦提示在选择军中的统帅时，应以德高望重者为首，方能获得吉祥而无损。也有解读指出，此卦同时暗示兵力众多带来的困扰，需要公正公平，努力克服困难。

傅佩荣老师分析了师卦的现实运势，指出在时运中应包容他人，稳重修行。财运方面则表示有良好的积蓄，可以珍惜；家宅方面有喜事；身体健康需注意气调，避免肠胃不适。

传统解卦中，师卦体现出通过正当手段解决矛盾，强调不要孤行独断，必须小心谨慎。若在职业与商业上运用，须靠合作与沟通，以刚毅的态度面对竞争，实现目标。在婚恋方面，需专注而谨慎，避免复杂关系的出现。

总结来说，师卦鼓励在困境中保持沉着，运用智慧与策略去应对挑战，以求取更大的成功与和谐。"
周易的师卦讲述了什么？,"师卦在周易中是一个富有象征意义的卦象，由下卦坎（水）和上卦坤（地）组成，象征着“地中有水”。这一卦的含义主要围绕军事与领导智慧，代表了缺乏灾祸的良好指引。通过涵养和容纳民众，君子能如同大地承载江河，宽厚包容。

从《断易天机》的解读来看，师卦提示在选择军中的统帅时，应以德高望重者为首，方能获得吉祥而无损。也有解读指出，此卦同时暗示兵力众多带来的困扰，需要公正公平，努力克服困难。

傅佩荣老师分析了师卦的现实运势，指出在时运中应包容他人，稳重修行。财运方面则表示有良好的积蓄，可以珍惜；家宅方面有喜事；身体健康需注意气调，避免肠胃不适。

传统解卦中，师卦体现出通过正当手段解决矛盾，强调不要孤行独断，必须小心谨慎。若在职业与商业上运用，须靠合作与沟通，以刚毅的态度面对竞争，实现目标。在婚恋方面，需专注而谨慎，避免复杂关系的出现。

总结来说，师卦鼓励在困境中保持沉着，运用智慧与策略去应对挑战，以求取更大的成功与和谐。"
师卦是怎样的一个卦象？,"师卦在周易中是一个富有象征意义的卦象，由下卦坎（水）和上卦坤（地）组成，象征着“地中有水”。这一卦的含义主要围绕军事与领导智慧，代表了缺乏灾祸的良好指引。通过涵养和容纳民众，君子能如同大地承载江河，宽厚包容。

从《断易天机》的解读来看，师卦提示在选择军中的统帅时，应以德高望重者为首，方能获得吉祥而无损。也有解读指出，此卦同时暗示兵力众多带来的困扰，需要公正公平，努力克服困难。

傅佩荣老师分析了师卦的现实运势，指出在时运中应包容他人，稳重修行。财运方面则表示有良好的积蓄，可以珍惜；家宅方面有喜事；身体健康需注意气调，避免肠胃不适。

传统解卦中，师卦体现出通过正当手段解决矛盾，强调不要孤行独断，必须小心谨慎。若在职业与商业上运用，须靠合作与沟通，以刚毅的态度面对竞争，实现目标。在婚恋方面，需专注而谨慎，避免复杂关系的出现。

总结来说，师卦鼓励在困境中保持沉着，运用智慧与策略去应对挑战，以求取更大的成功与和谐。"
师卦在周易中怎样表达教育的概念？,"师卦在周易中是一个富有象征意义的卦象，由下卦坎（水）和上卦坤（地）组成，象征着“地中有水”。这一卦的含义主要围绕军事与领导智慧，代表了缺乏灾祸的良好指引。通过涵养和容纳民众，君子能如同大地承载江河，宽厚包容。

从《断易天机》的解读来看，师卦提示在选择军中的统帅时，应以德高望重者为首，方能获得吉祥而无损。也有解读指出，此卦同时暗示兵力众多带来的困扰，需要公正公平，努力克服困难。

傅佩荣老师分析了师卦的现实运势，指出在时运中应包容他人，稳重修行。财运方面则表示有良好的积蓄，可以珍惜；家宅方面有喜事；身体健康需注意气调，避免肠胃不适。

传统解卦中，师卦体现出通过正当手段解决矛盾，强调不要孤行独断，必须小心谨慎。若在职业与商业上运用，须靠合作与沟通，以刚毅的态度面对竞争，实现目标。在婚恋方面，需专注而谨慎，避免复杂关系的出现。

总结来说，师卦鼓励在困境中保持沉着，运用智慧与策略去应对挑战，以求取更大的成功与和谐。"
师卦的基本意义是什么？,"师卦在周易中是一个富有象征意义的卦象，由下卦坎（水）和上卦坤（地）组成，象征着“地中有水”。这一卦的含义主要围绕军事与领导智慧，代表了缺乏灾祸的良好指引。通过涵养和容纳民众，君子能如同大地承载江河，宽厚包容。

从《断易天机》的解读来看，师卦提示在选择军中的统帅时，应以德高望重者为首，方能获得吉祥而无损。也有解读指出，此卦同时暗示兵力众多带来的困扰，需要公正公平，努力克服困难。

傅佩荣老师分析了师卦的现实运势，指出在时运中应包容他人，稳重修行。财运方面则表示有良好的积蓄，可以珍惜；家宅方面有喜事；身体健康需注意气调，避免肠胃不适。

传统解卦中，师卦体现出通过正当手段解决矛盾，强调不要孤行独断，必须小心谨慎。若在职业与商业上运用，须靠合作与沟通，以刚毅的态度面对竞争，实现目标。在婚恋方面，需专注而谨慎，避免复杂关系的出现。

总结来说，师卦鼓励在困境中保持沉着，运用智慧与策略去应对挑战，以求取更大的成功与和谐。"
周易中师卦的解释是什么？,"师卦在周易中是一个富有象征意义的卦象，由下卦坎（水）和上卦坤（地）组成，象征着“地中有水”。这一卦的含义主要围绕军事与领导智慧，代表了缺乏灾祸的良好指引。通过涵养和容纳民众，君子能如同大地承载江河，宽厚包容。

从《断易天机》的解读来看，师卦提示在选择军中的统帅时，应以德高望重者为首，方能获得吉祥而无损。也有解读指出，此卦同时暗示兵力众多带来的困扰，需要公正公平，努力克服困难。

傅佩荣老师分析了师卦的现实运势，指出在时运中应包容他人，稳重修行。财运方面则表示有良好的积蓄，可以珍惜；家宅方面有喜事；身体健康需注意气调，避免肠胃不适。

传统解卦中，师卦体现出通过正当手段解决矛盾，强调不要孤行独断，必须小心谨慎。若在职业与商业上运用，须靠合作与沟通，以刚毅的态度面对竞争，实现目标。在婚恋方面，需专注而谨慎，避免复杂关系的出现。

总结来说，师卦鼓励在困境中保持沉着，运用智慧与策略去应对挑战，以求取更大的成功与和谐。"
师卦在周易中代表了哪些方面？,"师卦在周易中是一个富有象征意义的卦象，由下卦坎（水）和上卦坤（地）组成，象征着“地中有水”。这一卦的含义主要围绕军事与领导智慧，代表了缺乏灾祸的良好指引。通过涵养和容纳民众，君子能如同大地承载江河，宽厚包容。

从《断易天机》的解读来看，师卦提示在选择军中的统帅时，应以德高望重者为首，方能获得吉祥而无损。也有解读指出，此卦同时暗示兵力众多带来的困扰，需要公正公平，努力克服困难。

傅佩荣老师分析了师卦的现实运势，指出在时运中应包容他人，稳重修行。财运方面则表示有良好的积蓄，可以珍惜；家宅方面有喜事；身体健康需注意气调，避免肠胃不适。

传统解卦中，师卦体现出通过正当手段解决矛盾，强调不要孤行独断，必须小心谨慎。若在职业与商业上运用，须靠合作与沟通，以刚毅的态度面对竞争，实现目标。在婚恋方面，需专注而谨慎，避免复杂关系的出现。

总结来说，师卦鼓励在困境中保持沉着，运用智慧与策略去应对挑战，以求取更大的成功与和谐。"
师卦涉及哪些哲学思想？,"师卦在周易中是一个富有象征意义的卦象，由下卦坎（水）和上卦坤（地）组成，象征着“地中有水”。这一卦的含义主要围绕军事与领导智慧，代表了缺乏灾祸的良好指引。通过涵养和容纳民众，君子能如同大地承载江河，宽厚包容。

从《断易天机》的解读来看，师卦提示在选择军中的统帅时，应以德高望重者为首，方能获得吉祥而无损。也有解读指出，此卦同时暗示兵力众多带来的困扰，需要公正公平，努力克服困难。

傅佩荣老师分析了师卦的现实运势，指出在时运中应包容他人，稳重修行。财运方面则表示有良好的积蓄，可以珍惜；家宅方面有喜事；身体健康需注意气调，避免肠胃不适。

传统解卦中，师卦体现出通过正当手段解决矛盾，强调不要孤行独断，必须小心谨慎。若在职业与商业上运用，须靠合作与沟通，以刚毅的态度面对竞争，实现目标。在婚恋方面，需专注而谨慎，避免复杂关系的出现。

总结来说，师卦鼓励在困境中保持沉着，运用智慧与策略去应对挑战，以求取更大的成功与和谐。"
周易中师卦的象征意义是什么？,"师卦在周易中是一个富有象征意义的卦象，由下卦坎（水）和上卦坤（地）组成，象征着“地中有水”。这一卦的含义主要围绕军事与领导智慧，代表了缺乏灾祸的良好指引。通过涵养和容纳民众，君子能如同大地承载江河，宽厚包容。

从《断易天机》的解读来看，师卦提示在选择军中的统帅时，应以德高望重者为首，方能获得吉祥而无损。也有解读指出，此卦同时暗示兵力众多带来的困扰，需要公正公平，努力克服困难。

傅佩荣老师分析了师卦的现实运势，指出在时运中应包容他人，稳重修行。财运方面则表示有良好的积蓄，可以珍惜；家宅方面有喜事；身体健康需注意气调，避免肠胃不适。

传统解卦中，师卦体现出通过正当手段解决矛盾，强调不要孤行独断，必须小心谨慎。若在职业与商业上运用，须靠合作与沟通，以刚毅的态度面对竞争，实现目标。在婚恋方面，需专注而谨慎，避免复杂关系的出现。

总结来说，师卦鼓励在困境中保持沉着，运用智慧与策略去应对挑战，以求取更大的成功与和谐。"
师卦的主要讲述内容是什么？,"师卦在周易中是一个富有象征意义的卦象，由下卦坎（水）和上卦坤（地）组成，象征着“地中有水”。这一卦的含义主要围绕军事与领导智慧，代表了缺乏灾祸的良好指引。通过涵养和容纳民众，君子能如同大地承载江河，宽厚包容。

从《断易天机》的解读来看，师卦提示在选择军中的统帅时，应以德高望重者为首，方能获得吉祥而无损。也有解读指出，此卦同时暗示兵力众多带来的困扰，需要公正公平，努力克服困难。

傅佩荣老师分析了师卦的现实运势，指出在时运中应包容他人，稳重修行。财运方面则表示有良好的积蓄，可以珍惜；家宅方面有喜事；身体健康需注意气调，避免肠胃不适。

传统解卦中，师卦体现出通过正当手段解决矛盾，强调不要孤行独断，必须小心谨慎。若在职业与商业上运用，须靠合作与沟通，以刚毅的态度面对竞争，实现目标。在婚恋方面，需专注而谨慎，避免复杂关系的出现。

总结来说，师卦鼓励在困境中保持沉着，运用智慧与策略去应对挑战，以求取更大的成功与和谐。"
周易师卦的核心思想是什么？,"师卦在周易中是一个富有象征意义的卦象，由下卦坎（水）和上卦坤（地）组成，象征着“地中有水”。这一卦的含义主要围绕军事与领导智慧，代表了缺乏灾祸的良好指引。通过涵养和容纳民众，君子能如同大地承载江河，宽厚包容。

从《断易天机》的解读来看，师卦提示在选择军中的统帅时，应以德高望重者为首，方能获得吉祥而无损。也有解读指出，此卦同时暗示兵力众多带来的困扰，需要公正公平，努力克服困难。

傅佩荣老师分析了师卦的现实运势，指出在时运中应包容他人，稳重修行。财运方面则表示有良好的积蓄，可以珍惜；家宅方面有喜事；身体健康需注意气调，避免肠胃不适。

传统解卦中，师卦体现出通过正当手段解决矛盾，强调不要孤行独断，必须小心谨慎。若在职业与商业上运用，须靠合作与沟通，以刚毅的态度面对竞争，实现目标。在婚恋方面，需专注而谨慎，避免复杂关系的出现。

总结来说，师卦鼓励在困境中保持沉着，运用智慧与策略去应对挑战，以求取更大的成功与和谐。"
师卦和启蒙教育之间有何联系？,"师卦在周易中是一个富有象征意义的卦象，由下卦坎（水）和上卦坤（地）组成，象征着“地中有水”。这一卦的含义主要围绕军事与领导智慧，代表了缺乏灾祸的良好指引。通过涵养和容纳民众，君子能如同大地承载江河，宽厚包容。

从《断易天机》的解读来看，师卦提示在选择军中的统帅时，应以德高望重者为首，方能获得吉祥而无损。也有解读指出，此卦同时暗示兵力众多带来的困扰，需要公正公平，努力克服困难。

傅佩荣老师分析了师卦的现实运势，指出在时运中应包容他人，稳重修行。财运方面则表示有良好的积蓄，可以珍惜；家宅方面有喜事；身体健康需注意气调，避免肠胃不适。

传统解卦中，师卦体现出通过正当手段解决矛盾，强调不要孤行独断，必须小心谨慎。若在职业与商业上运用，须靠合作与沟通，以刚毅的态度面对竞争，实现目标。在婚恋方面，需专注而谨慎，避免复杂关系的出现。

总结来说，师卦鼓励在困境中保持沉着，运用智慧与策略去应对挑战，以求取更大的成功与和谐。"
在周易中，师卦象征着什么？,"师卦在周易中是一个富有象征意义的卦象，由下卦坎（水）和上卦坤（地）组成，象征着“地中有水”。这一卦的含义主要围绕军事与领导智慧，代表了缺乏灾祸的良好指引。通过涵养和容纳民众，君子能如同大地承载江河，宽厚包容。

从《断易天机》的解读来看，师卦提示在选择军中的统帅时，应以德高望重者为首，方能获得吉祥而无损。也有解读指出，此卦同时暗示兵力众多带来的困扰，需要公正公平，努力克服困难。

傅佩荣老师分析了师卦的现实运势，指出在时运中应包容他人，稳重修行。财运方面则表示有良好的积蓄，可以珍惜；家宅方面有喜事；身体健康需注意气调，避免肠胃不适。

传统解卦中，师卦体现出通过正当手段解决矛盾，强调不要孤行独断，必须小心谨慎。若在职业与商业上运用，须靠合作与沟通，以刚毅的态度面对竞争，实现目标。在婚恋方面，需专注而谨慎，避免复杂关系的出现。

总结来说，师卦鼓励在困境中保持沉着，运用智慧与策略去应对挑战，以求取更大的成功与和谐。"
请描述师卦的含义。,"师卦在周易中是一个富有象征意义的卦象，由下卦坎（水）和上卦坤（地）组成，象征着“地中有水”。这一卦的含义主要围绕军事与领导智慧，代表了缺乏灾祸的良好指引。通过涵养和容纳民众，君子能如同大地承载江河，宽厚包容。

从《断易天机》的解读来看，师卦提示在选择军中的统帅时，应以德高望重者为首，方能获得吉祥而无损。也有解读指出，此卦同时暗示兵力众多带来的困扰，需要公正公平，努力克服困难。

傅佩荣老师分析了师卦的现实运势，指出在时运中应包容他人，稳重修行。财运方面则表示有良好的积蓄，可以珍惜；家宅方面有喜事；身体健康需注意气调，避免肠胃不适。

传统解卦中，师卦体现出通过正当手段解决矛盾，强调不要孤行独断，必须小心谨慎。若在职业与商业上运用，须靠合作与沟通，以刚毅的态度面对竞争，实现目标。在婚恋方面，需专注而谨慎，避免复杂关系的出现。

总结来说，师卦鼓励在困境中保持沉着，运用智慧与策略去应对挑战，以求取更大的成功与和谐。"
师卦在周易哲学中扮演什么角色？,"师卦在周易中是一个富有象征意义的卦象，由下卦坎（水）和上卦坤（地）组成，象征着“地中有水”。这一卦的含义主要围绕军事与领导智慧，代表了缺乏灾祸的良好指引。通过涵养和容纳民众，君子能如同大地承载江河，宽厚包容。

从《断易天机》的解读来看，师卦提示在选择军中的统帅时，应以德高望重者为首，方能获得吉祥而无损。也有解读指出，此卦同时暗示兵力众多带来的困扰，需要公正公平，努力克服困难。

傅佩荣老师分析了师卦的现实运势，指出在时运中应包容他人，稳重修行。财运方面则表示有良好的积蓄，可以珍惜；家宅方面有喜事；身体健康需注意气调，避免肠胃不适。

传统解卦中，师卦体现出通过正当手段解决矛盾，强调不要孤行独断，必须小心谨慎。若在职业与商业上运用，须靠合作与沟通，以刚毅的态度面对竞争，实现目标。在婚恋方面，需专注而谨慎，避免复杂关系的出现。

总结来说，师卦鼓励在困境中保持沉着，运用智慧与策略去应对挑战，以求取更大的成功与和谐。"
比卦代表什么？,"比卦在周易中是一个象征亲密与依附的卦象，由下卦坤（地）与上卦坎（水）组成，象征着地上有水的和谐景象。这一卦象传达了连接与依赖的哲学，强调人与人之间的相亲相辅，团结一致的重要性。

比卦的核心内涵是：在相互支持和亲密关系的基础上，长期的合作与亲密将会带来吉祥。在卦辞中提到，原筮及元永贞都是大吉大利的象征，而在面临不愿臣服的邦国时，若其来朝延迟则可能带来凶险。

从象辞看，水附大地的象征显示了先王通过水利而维护国家的理念，鼓励亲近诸侯，形成了强大的合力。比卦也与师卦相对，是强调团结与协作的卦象。

在解卦时，不论是事业、婚恋还是财富运势，得此卦者都能获得他人支持和帮助，谋事有成，彰显荣显。同时，强调了待人宽厚、正直、诚实的重要性，以此才能在社交和商业上获得成功。在婚恋上，预示着美好的姻缘；在事业上，表现出向前发展的能力与他人的支持。

总体而言，比卦展现了互利共赢的智慧，提醒人们在处理人际关系和事业发展时，需注重团结、诚恳与信义方能收获成果。虽然成功的希望依赖于个人的努力，但他人的赏识与支持更是不可或缺。"
周易中的比卦含义是什么？,"比卦在周易中是一个象征亲密与依附的卦象，由下卦坤（地）与上卦坎（水）组成，象征着地上有水的和谐景象。这一卦象传达了连接与依赖的哲学，强调人与人之间的相亲相辅，团结一致的重要性。

比卦的核心内涵是：在相互支持和亲密关系的基础上，长期的合作与亲密将会带来吉祥。在卦辞中提到，原筮及元永贞都是大吉大利的象征，而在面临不愿臣服的邦国时，若其来朝延迟则可能带来凶险。

从象辞看，水附大地的象征显示了先王通过水利而维护国家的理念，鼓励亲近诸侯，形成了强大的合力。比卦也与师卦相对，是强调团结与协作的卦象。

在解卦时，不论是事业、婚恋还是财富运势，得此卦者都能获得他人支持和帮助，谋事有成，彰显荣显。同时，强调了待人宽厚、正直、诚实的重要性，以此才能在社交和商业上获得成功。在婚恋上，预示着美好的姻缘；在事业上，表现出向前发展的能力与他人的支持。

总体而言，比卦展现了互利共赢的智慧，提醒人们在处理人际关系和事业发展时，需注重团结、诚恳与信义方能收获成果。虽然成功的希望依赖于个人的努力，但他人的赏识与支持更是不可或缺。"
请解释一下比卦。,"比卦在周易中是一个象征亲密与依附的卦象，由下卦坤（地）与上卦坎（水）组成，象征着地上有水的和谐景象。这一卦象传达了连接与依赖的哲学，强调人与人之间的相亲相辅，团结一致的重要性。

比卦的核心内涵是：在相互支持和亲密关系的基础上，长期的合作与亲密将会带来吉祥。在卦辞中提到，原筮及元永贞都是大吉大利的象征，而在面临不愿臣服的邦国时，若其来朝延迟则可能带来凶险。

从象辞看，水附大地的象征显示了先王通过水利而维护国家的理念，鼓励亲近诸侯，形成了强大的合力。比卦也与师卦相对，是强调团结与协作的卦象。

在解卦时，不论是事业、婚恋还是财富运势，得此卦者都能获得他人支持和帮助，谋事有成，彰显荣显。同时，强调了待人宽厚、正直、诚实的重要性，以此才能在社交和商业上获得成功。在婚恋上，预示着美好的姻缘；在事业上，表现出向前发展的能力与他人的支持。

总体而言，比卦展现了互利共赢的智慧，提醒人们在处理人际关系和事业发展时，需注重团结、诚恳与信义方能收获成果。虽然成功的希望依赖于个人的努力，但他人的赏识与支持更是不可或缺。"
比卦在周易中是什么象征？,"比卦在周易中是一个象征亲密与依附的卦象，由下卦坤（地）与上卦坎（水）组成，象征着地上有水的和谐景象。这一卦象传达了连接与依赖的哲学，强调人与人之间的相亲相辅，团结一致的重要性。

比卦的核心内涵是：在相互支持和亲密关系的基础上，长期的合作与亲密将会带来吉祥。在卦辞中提到，原筮及元永贞都是大吉大利的象征，而在面临不愿臣服的邦国时，若其来朝延迟则可能带来凶险。

从象辞看，水附大地的象征显示了先王通过水利而维护国家的理念，鼓励亲近诸侯，形成了强大的合力。比卦也与师卦相对，是强调团结与协作的卦象。

在解卦时，不论是事业、婚恋还是财富运势，得此卦者都能获得他人支持和帮助，谋事有成，彰显荣显。同时，强调了待人宽厚、正直、诚实的重要性，以此才能在社交和商业上获得成功。在婚恋上，预示着美好的姻缘；在事业上，表现出向前发展的能力与他人的支持。

总体而言，比卦展现了互利共赢的智慧，提醒人们在处理人际关系和事业发展时，需注重团结、诚恳与信义方能收获成果。虽然成功的希望依赖于个人的努力，但他人的赏识与支持更是不可或缺。"
周易比卦的深层含义是什么？,"比卦在周易中是一个象征亲密与依附的卦象，由下卦坤（地）与上卦坎（水）组成，象征着地上有水的和谐景象。这一卦象传达了连接与依赖的哲学，强调人与人之间的相亲相辅，团结一致的重要性。

比卦的核心内涵是：在相互支持和亲密关系的基础上，长期的合作与亲密将会带来吉祥。在卦辞中提到，原筮及元永贞都是大吉大利的象征，而在面临不愿臣服的邦国时，若其来朝延迟则可能带来凶险。

从象辞看，水附大地的象征显示了先王通过水利而维护国家的理念，鼓励亲近诸侯，形成了强大的合力。比卦也与师卦相对，是强调团结与协作的卦象。

在解卦时，不论是事业、婚恋还是财富运势，得此卦者都能获得他人支持和帮助，谋事有成，彰显荣显。同时，强调了待人宽厚、正直、诚实的重要性，以此才能在社交和商业上获得成功。在婚恋上，预示着美好的姻缘；在事业上，表现出向前发展的能力与他人的支持。

总体而言，比卦展现了互利共赢的智慧，提醒人们在处理人际关系和事业发展时，需注重团结、诚恳与信义方能收获成果。虽然成功的希望依赖于个人的努力，但他人的赏识与支持更是不可或缺。"
比卦和教育启蒙有什么联系？,"比卦在周易中是一个象征亲密与依附的卦象，由下卦坤（地）与上卦坎（水）组成，象征着地上有水的和谐景象。这一卦象传达了连接与依赖的哲学，强调人与人之间的相亲相辅，团结一致的重要性。

比卦的核心内涵是：在相互支持和亲密关系的基础上，长期的合作与亲密将会带来吉祥。在卦辞中提到，原筮及元永贞都是大吉大利的象征，而在面临不愿臣服的邦国时，若其来朝延迟则可能带来凶险。

从象辞看，水附大地的象征显示了先王通过水利而维护国家的理念，鼓励亲近诸侯，形成了强大的合力。比卦也与师卦相对，是强调团结与协作的卦象。

在解卦时，不论是事业、婚恋还是财富运势，得此卦者都能获得他人支持和帮助，谋事有成，彰显荣显。同时，强调了待人宽厚、正直、诚实的重要性，以此才能在社交和商业上获得成功。在婚恋上，预示着美好的姻缘；在事业上，表现出向前发展的能力与他人的支持。

总体而言，比卦展现了互利共赢的智慧，提醒人们在处理人际关系和事业发展时，需注重团结、诚恳与信义方能收获成果。虽然成功的希望依赖于个人的努力，但他人的赏识与支持更是不可或缺。"
周易的比卦讲述了什么？,"比卦在周易中是一个象征亲密与依附的卦象，由下卦坤（地）与上卦坎（水）组成，象征着地上有水的和谐景象。这一卦象传达了连接与依赖的哲学，强调人与人之间的相亲相辅，团结一致的重要性。

比卦的核心内涵是：在相互支持和亲密关系的基础上，长期的合作与亲密将会带来吉祥。在卦辞中提到，原筮及元永贞都是大吉大利的象征，而在面临不愿臣服的邦国时，若其来朝延迟则可能带来凶险。

从象辞看，水附大地的象征显示了先王通过水利而维护国家的理念，鼓励亲近诸侯，形成了强大的合力。比卦也与师卦相对，是强调团结与协作的卦象。

在解卦时，不论是事业、婚恋还是财富运势，得此卦者都能获得他人支持和帮助，谋事有成，彰显荣显。同时，强调了待人宽厚、正直、诚实的重要性，以此才能在社交和商业上获得成功。在婚恋上，预示着美好的姻缘；在事业上，表现出向前发展的能力与他人的支持。

总体而言，比卦展现了互利共赢的智慧，提醒人们在处理人际关系和事业发展时，需注重团结、诚恳与信义方能收获成果。虽然成功的希望依赖于个人的努力，但他人的赏识与支持更是不可或缺。"
比卦是怎样的一个卦象？,"比卦在周易中是一个象征亲密与依附的卦象，由下卦坤（地）与上卦坎（水）组成，象征着地上有水的和谐景象。这一卦象传达了连接与依赖的哲学，强调人与人之间的相亲相辅，团结一致的重要性。

比卦的核心内涵是：在相互支持和亲密关系的基础上，长期的合作与亲密将会带来吉祥。在卦辞中提到，原筮及元永贞都是大吉大利的象征，而在面临不愿臣服的邦国时，若其来朝延迟则可能带来凶险。

从象辞看，水附大地的象征显示了先王通过水利而维护国家的理念，鼓励亲近诸侯，形成了强大的合力。比卦也与师卦相对，是强调团结与协作的卦象。

在解卦时，不论是事业、婚恋还是财富运势，得此卦者都能获得他人支持和帮助，谋事有成，彰显荣显。同时，强调了待人宽厚、正直、诚实的重要性，以此才能在社交和商业上获得成功。在婚恋上，预示着美好的姻缘；在事业上，表现出向前发展的能力与他人的支持。

总体而言，比卦展现了互利共赢的智慧，提醒人们在处理人际关系和事业发展时，需注重团结、诚恳与信义方能收获成果。虽然成功的希望依赖于个人的努力，但他人的赏识与支持更是不可或缺。"
比卦在周易中怎样表达教育的概念？,"比卦在周易中是一个象征亲密与依附的卦象，由下卦坤（地）与上卦坎（水）组成，象征着地上有水的和谐景象。这一卦象传达了连接与依赖的哲学，强调人与人之间的相亲相辅，团结一致的重要性。

比卦的核心内涵是：在相互支持和亲密关系的基础上，长期的合作与亲密将会带来吉祥。在卦辞中提到，原筮及元永贞都是大吉大利的象征，而在面临不愿臣服的邦国时，若其来朝延迟则可能带来凶险。

从象辞看，水附大地的象征显示了先王通过水利而维护国家的理念，鼓励亲近诸侯，形成了强大的合力。比卦也与师卦相对，是强调团结与协作的卦象。

在解卦时，不论是事业、婚恋还是财富运势，得此卦者都能获得他人支持和帮助，谋事有成，彰显荣显。同时，强调了待人宽厚、正直、诚实的重要性，以此才能在社交和商业上获得成功。在婚恋上，预示着美好的姻缘；在事业上，表现出向前发展的能力与他人的支持。

总体而言，比卦展现了互利共赢的智慧，提醒人们在处理人际关系和事业发展时，需注重团结、诚恳与信义方能收获成果。虽然成功的希望依赖于个人的努力，但他人的赏识与支持更是不可或缺。"
比卦的基本意义是什么？,"比卦在周易中是一个象征亲密与依附的卦象，由下卦坤（地）与上卦坎（水）组成，象征着地上有水的和谐景象。这一卦象传达了连接与依赖的哲学，强调人与人之间的相亲相辅，团结一致的重要性。

比卦的核心内涵是：在相互支持和亲密关系的基础上，长期的合作与亲密将会带来吉祥。在卦辞中提到，原筮及元永贞都是大吉大利的象征，而在面临不愿臣服的邦国时，若其来朝延迟则可能带来凶险。

从象辞看，水附大地的象征显示了先王通过水利而维护国家的理念，鼓励亲近诸侯，形成了强大的合力。比卦也与师卦相对，是强调团结与协作的卦象。

在解卦时，不论是事业、婚恋还是财富运势，得此卦者都能获得他人支持和帮助，谋事有成，彰显荣显。同时，强调了待人宽厚、正直、诚实的重要性，以此才能在社交和商业上获得成功。在婚恋上，预示着美好的姻缘；在事业上，表现出向前发展的能力与他人的支持。

总体而言，比卦展现了互利共赢的智慧，提醒人们在处理人际关系和事业发展时，需注重团结、诚恳与信义方能收获成果。虽然成功的希望依赖于个人的努力，但他人的赏识与支持更是不可或缺。"
周易中比卦的解释是什么？,"比卦在周易中是一个象征亲密与依附的卦象，由下卦坤（地）与上卦坎（水）组成，象征着地上有水的和谐景象。这一卦象传达了连接与依赖的哲学，强调人与人之间的相亲相辅，团结一致的重要性。

比卦的核心内涵是：在相互支持和亲密关系的基础上，长期的合作与亲密将会带来吉祥。在卦辞中提到，原筮及元永贞都是大吉大利的象征，而在面临不愿臣服的邦国时，若其来朝延迟则可能带来凶险。

从象辞看，水附大地的象征显示了先王通过水利而维护国家的理念，鼓励亲近诸侯，形成了强大的合力。比卦也与师卦相对，是强调团结与协作的卦象。

在解卦时，不论是事业、婚恋还是财富运势，得此卦者都能获得他人支持和帮助，谋事有成，彰显荣显。同时，强调了待人宽厚、正直、诚实的重要性，以此才能在社交和商业上获得成功。在婚恋上，预示着美好的姻缘；在事业上，表现出向前发展的能力与他人的支持。

总体而言，比卦展现了互利共赢的智慧，提醒人们在处理人际关系和事业发展时，需注重团结、诚恳与信义方能收获成果。虽然成功的希望依赖于个人的努力，但他人的赏识与支持更是不可或缺。"
比卦在周易中代表了哪些方面？,"比卦在周易中是一个象征亲密与依附的卦象，由下卦坤（地）与上卦坎（水）组成，象征着地上有水的和谐景象。这一卦象传达了连接与依赖的哲学，强调人与人之间的相亲相辅，团结一致的重要性。

比卦的核心内涵是：在相互支持和亲密关系的基础上，长期的合作与亲密将会带来吉祥。在卦辞中提到，原筮及元永贞都是大吉大利的象征，而在面临不愿臣服的邦国时，若其来朝延迟则可能带来凶险。

从象辞看，水附大地的象征显示了先王通过水利而维护国家的理念，鼓励亲近诸侯，形成了强大的合力。比卦也与师卦相对，是强调团结与协作的卦象。

在解卦时，不论是事业、婚恋还是财富运势，得此卦者都能获得他人支持和帮助，谋事有成，彰显荣显。同时，强调了待人宽厚、正直、诚实的重要性，以此才能在社交和商业上获得成功。在婚恋上，预示着美好的姻缘；在事业上，表现出向前发展的能力与他人的支持。

总体而言，比卦展现了互利共赢的智慧，提醒人们在处理人际关系和事业发展时，需注重团结、诚恳与信义方能收获成果。虽然成功的希望依赖于个人的努力，但他人的赏识与支持更是不可或缺。"
比卦涉及哪些哲学思想？,"比卦在周易中是一个象征亲密与依附的卦象，由下卦坤（地）与上卦坎（水）组成，象征着地上有水的和谐景象。这一卦象传达了连接与依赖的哲学，强调人与人之间的相亲相辅，团结一致的重要性。

比卦的核心内涵是：在相互支持和亲密关系的基础上，长期的合作与亲密将会带来吉祥。在卦辞中提到，原筮及元永贞都是大吉大利的象征，而在面临不愿臣服的邦国时，若其来朝延迟则可能带来凶险。

从象辞看，水附大地的象征显示了先王通过水利而维护国家的理念，鼓励亲近诸侯，形成了强大的合力。比卦也与师卦相对，是强调团结与协作的卦象。

在解卦时，不论是事业、婚恋还是财富运势，得此卦者都能获得他人支持和帮助，谋事有成，彰显荣显。同时，强调了待人宽厚、正直、诚实的重要性，以此才能在社交和商业上获得成功。在婚恋上，预示着美好的姻缘；在事业上，表现出向前发展的能力与他人的支持。

总体而言，比卦展现了互利共赢的智慧，提醒人们在处理人际关系和事业发展时，需注重团结、诚恳与信义方能收获成果。虽然成功的希望依赖于个人的努力，但他人的赏识与支持更是不可或缺。"
周易中比卦的象征意义是什么？,"比卦在周易中是一个象征亲密与依附的卦象，由下卦坤（地）与上卦坎（水）组成，象征着地上有水的和谐景象。这一卦象传达了连接与依赖的哲学，强调人与人之间的相亲相辅，团结一致的重要性。

比卦的核心内涵是：在相互支持和亲密关系的基础上，长期的合作与亲密将会带来吉祥。在卦辞中提到，原筮及元永贞都是大吉大利的象征，而在面临不愿臣服的邦国时，若其来朝延迟则可能带来凶险。

从象辞看，水附大地的象征显示了先王通过水利而维护国家的理念，鼓励亲近诸侯，形成了强大的合力。比卦也与师卦相对，是强调团结与协作的卦象。

在解卦时，不论是事业、婚恋还是财富运势，得此卦者都能获得他人支持和帮助，谋事有成，彰显荣显。同时，强调了待人宽厚、正直、诚实的重要性，以此才能在社交和商业上获得成功。在婚恋上，预示着美好的姻缘；在事业上，表现出向前发展的能力与他人的支持。

总体而言，比卦展现了互利共赢的智慧，提醒人们在处理人际关系和事业发展时，需注重团结、诚恳与信义方能收获成果。虽然成功的希望依赖于个人的努力，但他人的赏识与支持更是不可或缺。"
比卦的主要讲述内容是什么？,"比卦在周易中是一个象征亲密与依附的卦象，由下卦坤（地）与上卦坎（水）组成，象征着地上有水的和谐景象。这一卦象传达了连接与依赖的哲学，强调人与人之间的相亲相辅，团结一致的重要性。

比卦的核心内涵是：在相互支持和亲密关系的基础上，长期的合作与亲密将会带来吉祥。在卦辞中提到，原筮及元永贞都是大吉大利的象征，而在面临不愿臣服的邦国时，若其来朝延迟则可能带来凶险。

从象辞看，水附大地的象征显示了先王通过水利而维护国家的理念，鼓励亲近诸侯，形成了强大的合力。比卦也与师卦相对，是强调团结与协作的卦象。

在解卦时，不论是事业、婚恋还是财富运势，得此卦者都能获得他人支持和帮助，谋事有成，彰显荣显。同时，强调了待人宽厚、正直、诚实的重要性，以此才能在社交和商业上获得成功。在婚恋上，预示着美好的姻缘；在事业上，表现出向前发展的能力与他人的支持。

总体而言，比卦展现了互利共赢的智慧，提醒人们在处理人际关系和事业发展时，需注重团结、诚恳与信义方能收获成果。虽然成功的希望依赖于个人的努力，但他人的赏识与支持更是不可或缺。"
周易比卦的核心思想是什么？,"比卦在周易中是一个象征亲密与依附的卦象，由下卦坤（地）与上卦坎（水）组成，象征着地上有水的和谐景象。这一卦象传达了连接与依赖的哲学，强调人与人之间的相亲相辅，团结一致的重要性。

比卦的核心内涵是：在相互支持和亲密关系的基础上，长期的合作与亲密将会带来吉祥。在卦辞中提到，原筮及元永贞都是大吉大利的象征，而在面临不愿臣服的邦国时，若其来朝延迟则可能带来凶险。

从象辞看，水附大地的象征显示了先王通过水利而维护国家的理念，鼓励亲近诸侯，形成了强大的合力。比卦也与师卦相对，是强调团结与协作的卦象。

在解卦时，不论是事业、婚恋还是财富运势，得此卦者都能获得他人支持和帮助，谋事有成，彰显荣显。同时，强调了待人宽厚、正直、诚实的重要性，以此才能在社交和商业上获得成功。在婚恋上，预示着美好的姻缘；在事业上，表现出向前发展的能力与他人的支持。

总体而言，比卦展现了互利共赢的智慧，提醒人们在处理人际关系和事业发展时，需注重团结、诚恳与信义方能收获成果。虽然成功的希望依赖于个人的努力，但他人的赏识与支持更是不可或缺。"
比卦和启蒙教育之间有何联系？,"比卦在周易中是一个象征亲密与依附的卦象，由下卦坤（地）与上卦坎（水）组成，象征着地上有水的和谐景象。这一卦象传达了连接与依赖的哲学，强调人与人之间的相亲相辅，团结一致的重要性。

比卦的核心内涵是：在相互支持和亲密关系的基础上，长期的合作与亲密将会带来吉祥。在卦辞中提到，原筮及元永贞都是大吉大利的象征，而在面临不愿臣服的邦国时，若其来朝延迟则可能带来凶险。

从象辞看，水附大地的象征显示了先王通过水利而维护国家的理念，鼓励亲近诸侯，形成了强大的合力。比卦也与师卦相对，是强调团结与协作的卦象。

在解卦时，不论是事业、婚恋还是财富运势，得此卦者都能获得他人支持和帮助，谋事有成，彰显荣显。同时，强调了待人宽厚、正直、诚实的重要性，以此才能在社交和商业上获得成功。在婚恋上，预示着美好的姻缘；在事业上，表现出向前发展的能力与他人的支持。

总体而言，比卦展现了互利共赢的智慧，提醒人们在处理人际关系和事业发展时，需注重团结、诚恳与信义方能收获成果。虽然成功的希望依赖于个人的努力，但他人的赏识与支持更是不可或缺。"
在周易中，比卦象征着什么？,"比卦在周易中是一个象征亲密与依附的卦象，由下卦坤（地）与上卦坎（水）组成，象征着地上有水的和谐景象。这一卦象传达了连接与依赖的哲学，强调人与人之间的相亲相辅，团结一致的重要性。

比卦的核心内涵是：在相互支持和亲密关系的基础上，长期的合作与亲密将会带来吉祥。在卦辞中提到，原筮及元永贞都是大吉大利的象征，而在面临不愿臣服的邦国时，若其来朝延迟则可能带来凶险。

从象辞看，水附大地的象征显示了先王通过水利而维护国家的理念，鼓励亲近诸侯，形成了强大的合力。比卦也与师卦相对，是强调团结与协作的卦象。

在解卦时，不论是事业、婚恋还是财富运势，得此卦者都能获得他人支持和帮助，谋事有成，彰显荣显。同时，强调了待人宽厚、正直、诚实的重要性，以此才能在社交和商业上获得成功。在婚恋上，预示着美好的姻缘；在事业上，表现出向前发展的能力与他人的支持。

总体而言，比卦展现了互利共赢的智慧，提醒人们在处理人际关系和事业发展时，需注重团结、诚恳与信义方能收获成果。虽然成功的希望依赖于个人的努力，但他人的赏识与支持更是不可或缺。"
请描述比卦的含义。,"比卦在周易中是一个象征亲密与依附的卦象，由下卦坤（地）与上卦坎（水）组成，象征着地上有水的和谐景象。这一卦象传达了连接与依赖的哲学，强调人与人之间的相亲相辅，团结一致的重要性。

比卦的核心内涵是：在相互支持和亲密关系的基础上，长期的合作与亲密将会带来吉祥。在卦辞中提到，原筮及元永贞都是大吉大利的象征，而在面临不愿臣服的邦国时，若其来朝延迟则可能带来凶险。

从象辞看，水附大地的象征显示了先王通过水利而维护国家的理念，鼓励亲近诸侯，形成了强大的合力。比卦也与师卦相对，是强调团结与协作的卦象。

在解卦时，不论是事业、婚恋还是财富运势，得此卦者都能获得他人支持和帮助，谋事有成，彰显荣显。同时，强调了待人宽厚、正直、诚实的重要性，以此才能在社交和商业上获得成功。在婚恋上，预示着美好的姻缘；在事业上，表现出向前发展的能力与他人的支持。

总体而言，比卦展现了互利共赢的智慧，提醒人们在处理人际关系和事业发展时，需注重团结、诚恳与信义方能收获成果。虽然成功的希望依赖于个人的努力，但他人的赏识与支持更是不可或缺。"
比卦在周易哲学中扮演什么角色？,"比卦在周易中是一个象征亲密与依附的卦象，由下卦坤（地）与上卦坎（水）组成，象征着地上有水的和谐景象。这一卦象传达了连接与依赖的哲学，强调人与人之间的相亲相辅，团结一致的重要性。

比卦的核心内涵是：在相互支持和亲密关系的基础上，长期的合作与亲密将会带来吉祥。在卦辞中提到，原筮及元永贞都是大吉大利的象征，而在面临不愿臣服的邦国时，若其来朝延迟则可能带来凶险。

从象辞看，水附大地的象征显示了先王通过水利而维护国家的理念，鼓励亲近诸侯，形成了强大的合力。比卦也与师卦相对，是强调团结与协作的卦象。

在解卦时，不论是事业、婚恋还是财富运势，得此卦者都能获得他人支持和帮助，谋事有成，彰显荣显。同时，强调了待人宽厚、正直、诚实的重要性，以此才能在社交和商业上获得成功。在婚恋上，预示着美好的姻缘；在事业上，表现出向前发展的能力与他人的支持。

总体而言，比卦展现了互利共赢的智慧，提醒人们在处理人际关系和事业发展时，需注重团结、诚恳与信义方能收获成果。虽然成功的希望依赖于个人的努力，但他人的赏识与支持更是不可或缺。"
"""坤卦代表什么？","""坤卦""
summary: ""坤卦是周易中的一个吉利卦象，其名称即为“坤”，象征着柔顺和承载。卦象由下坤上坤构成，代表大地的广袤与包容。它的核心含义是，君子应当效法大地，以深厚的德行承载万物，顺承天道。占得此卦，预示着大吉大利，适宜于与家庭、婚嫁及财运相关的事务。

在行运上，坤卦提示在行动前应顺应时势，往西南方向行进能得到朋友的支持，而东北方向则可能遇到财物损失。君子如行旅，初时可能迷失方向，但最终能够找到真主，获得吉利。这也反映出“先迷后得”的运势特点。

在传统解卦中，坤卦被视为同卦相叠的阴性之象，代表着生育、抚养和温顺，强调在事业上应以团结合作为重，不宜单打独斗。行动上应以静制动，避免急于求成。诚信、宽厚的态度有助于顺利成就事业，而在面对挫折时，及时的总结经验仍是关键。对于求名、婚恋等方面，坤卦显示出阴盛的特性，特别是女性柔顺的特质将在关系中占据优势，从而获得美好的姻缘。"
"周易中的""坤卦含义是什么？","""坤卦""
summary: ""坤卦是周易中的一个吉利卦象，其名称即为“坤”，象征着柔顺和承载。卦象由下坤上坤构成，代表大地的广袤与包容。它的核心含义是，君子应当效法大地，以深厚的德行承载万物，顺承天道。占得此卦，预示着大吉大利，适宜于与家庭、婚嫁及财运相关的事务。

在行运上，坤卦提示在行动前应顺应时势，往西南方向行进能得到朋友的支持，而东北方向则可能遇到财物损失。君子如行旅，初时可能迷失方向，但最终能够找到真主，获得吉利。这也反映出“先迷后得”的运势特点。

在传统解卦中，坤卦被视为同卦相叠的阴性之象，代表着生育、抚养和温顺，强调在事业上应以团结合作为重，不宜单打独斗。行动上应以静制动，避免急于求成。诚信、宽厚的态度有助于顺利成就事业，而在面对挫折时，及时的总结经验仍是关键。对于求名、婚恋等方面，坤卦显示出阴盛的特性，特别是女性柔顺的特质将在关系中占据优势，从而获得美好的姻缘。"
"请解释一下""坤卦。","""坤卦""
summary: ""坤卦是周易中的一个吉利卦象，其名称即为“坤”，象征着柔顺和承载。卦象由下坤上坤构成，代表大地的广袤与包容。它的核心含义是，君子应当效法大地，以深厚的德行承载万物，顺承天道。占得此卦，预示着大吉大利，适宜于与家庭、婚嫁及财运相关的事务。

在行运上，坤卦提示在行动前应顺应时势，往西南方向行进能得到朋友的支持，而东北方向则可能遇到财物损失。君子如行旅，初时可能迷失方向，但最终能够找到真主，获得吉利。这也反映出“先迷后得”的运势特点。

在传统解卦中，坤卦被视为同卦相叠的阴性之象，代表着生育、抚养和温顺，强调在事业上应以团结合作为重，不宜单打独斗。行动上应以静制动，避免急于求成。诚信、宽厚的态度有助于顺利成就事业，而在面对挫折时，及时的总结经验仍是关键。对于求名、婚恋等方面，坤卦显示出阴盛的特性，特别是女性柔顺的特质将在关系中占据优势，从而获得美好的姻缘。"
"""坤卦在周易中是什么象征？","""坤卦""
summary: ""坤卦是周易中的一个吉利卦象，其名称即为“坤”，象征着柔顺和承载。卦象由下坤上坤构成，代表大地的广袤与包容。它的核心含义是，君子应当效法大地，以深厚的德行承载万物，顺承天道。占得此卦，预示着大吉大利，适宜于与家庭、婚嫁及财运相关的事务。

在行运上，坤卦提示在行动前应顺应时势，往西南方向行进能得到朋友的支持，而东北方向则可能遇到财物损失。君子如行旅，初时可能迷失方向，但最终能够找到真主，获得吉利。这也反映出“先迷后得”的运势特点。

在传统解卦中，坤卦被视为同卦相叠的阴性之象，代表着生育、抚养和温顺，强调在事业上应以团结合作为重，不宜单打独斗。行动上应以静制动，避免急于求成。诚信、宽厚的态度有助于顺利成就事业，而在面对挫折时，及时的总结经验仍是关键。对于求名、婚恋等方面，坤卦显示出阴盛的特性，特别是女性柔顺的特质将在关系中占据优势，从而获得美好的姻缘。"
"周易""坤卦的深层含义是什么？","""坤卦""
summary: ""坤卦是周易中的一个吉利卦象，其名称即为“坤”，象征着柔顺和承载。卦象由下坤上坤构成，代表大地的广袤与包容。它的核心含义是，君子应当效法大地，以深厚的德行承载万物，顺承天道。占得此卦，预示着大吉大利，适宜于与家庭、婚嫁及财运相关的事务。

在行运上，坤卦提示在行动前应顺应时势，往西南方向行进能得到朋友的支持，而东北方向则可能遇到财物损失。君子如行旅，初时可能迷失方向，但最终能够找到真主，获得吉利。这也反映出“先迷后得”的运势特点。

在传统解卦中，坤卦被视为同卦相叠的阴性之象，代表着生育、抚养和温顺，强调在事业上应以团结合作为重，不宜单打独斗。行动上应以静制动，避免急于求成。诚信、宽厚的态度有助于顺利成就事业，而在面对挫折时，及时的总结经验仍是关键。对于求名、婚恋等方面，坤卦显示出阴盛的特性，特别是女性柔顺的特质将在关系中占据优势，从而获得美好的姻缘。"
"""坤卦和教育启蒙有什么联系？","""坤卦""
summary: ""坤卦是周易中的一个吉利卦象，其名称即为“坤”，象征着柔顺和承载。卦象由下坤上坤构成，代表大地的广袤与包容。它的核心含义是，君子应当效法大地，以深厚的德行承载万物，顺承天道。占得此卦，预示着大吉大利，适宜于与家庭、婚嫁及财运相关的事务。

在行运上，坤卦提示在行动前应顺应时势，往西南方向行进能得到朋友的支持，而东北方向则可能遇到财物损失。君子如行旅，初时可能迷失方向，但最终能够找到真主，获得吉利。这也反映出“先迷后得”的运势特点。

在传统解卦中，坤卦被视为同卦相叠的阴性之象，代表着生育、抚养和温顺，强调在事业上应以团结合作为重，不宜单打独斗。行动上应以静制动，避免急于求成。诚信、宽厚的态度有助于顺利成就事业，而在面对挫折时，及时的总结经验仍是关键。对于求名、婚恋等方面，坤卦显示出阴盛的特性，特别是女性柔顺的特质将在关系中占据优势，从而获得美好的姻缘。"
"周易的""坤卦讲述了什么？","""坤卦""
summary: ""坤卦是周易中的一个吉利卦象，其名称即为“坤”，象征着柔顺和承载。卦象由下坤上坤构成，代表大地的广袤与包容。它的核心含义是，君子应当效法大地，以深厚的德行承载万物，顺承天道。占得此卦，预示着大吉大利，适宜于与家庭、婚嫁及财运相关的事务。

在行运上，坤卦提示在行动前应顺应时势，往西南方向行进能得到朋友的支持，而东北方向则可能遇到财物损失。君子如行旅，初时可能迷失方向，但最终能够找到真主，获得吉利。这也反映出“先迷后得”的运势特点。

在传统解卦中，坤卦被视为同卦相叠的阴性之象，代表着生育、抚养和温顺，强调在事业上应以团结合作为重，不宜单打独斗。行动上应以静制动，避免急于求成。诚信、宽厚的态度有助于顺利成就事业，而在面对挫折时，及时的总结经验仍是关键。对于求名、婚恋等方面，坤卦显示出阴盛的特性，特别是女性柔顺的特质将在关系中占据优势，从而获得美好的姻缘。"
"""坤卦是怎样的一个卦象？","""坤卦""
summary: ""坤卦是周易中的一个吉利卦象，其名称即为“坤”，象征着柔顺和承载。卦象由下坤上坤构成，代表大地的广袤与包容。它的核心含义是，君子应当效法大地，以深厚的德行承载万物，顺承天道。占得此卦，预示着大吉大利，适宜于与家庭、婚嫁及财运相关的事务。

在行运上，坤卦提示在行动前应顺应时势，往西南方向行进能得到朋友的支持，而东北方向则可能遇到财物损失。君子如行旅，初时可能迷失方向，但最终能够找到真主，获得吉利。这也反映出“先迷后得”的运势特点。

在传统解卦中，坤卦被视为同卦相叠的阴性之象，代表着生育、抚养和温顺，强调在事业上应以团结合作为重，不宜单打独斗。行动上应以静制动，避免急于求成。诚信、宽厚的态度有助于顺利成就事业，而在面对挫折时，及时的总结经验仍是关键。对于求名、婚恋等方面，坤卦显示出阴盛的特性，特别是女性柔顺的特质将在关系中占据优势，从而获得美好的姻缘。"
"""坤卦在周易中怎样表达教育的概念？","""坤卦""
summary: ""坤卦是周易中的一个吉利卦象，其名称即为“坤”，象征着柔顺和承载。卦象由下坤上坤构成，代表大地的广袤与包容。它的核心含义是，君子应当效法大地，以深厚的德行承载万物，顺承天道。占得此卦，预示着大吉大利，适宜于与家庭、婚嫁及财运相关的事务。

在行运上，坤卦提示在行动前应顺应时势，往西南方向行进能得到朋友的支持，而东北方向则可能遇到财物损失。君子如行旅，初时可能迷失方向，但最终能够找到真主，获得吉利。这也反映出“先迷后得”的运势特点。

在传统解卦中，坤卦被视为同卦相叠的阴性之象，代表着生育、抚养和温顺，强调在事业上应以团结合作为重，不宜单打独斗。行动上应以静制动，避免急于求成。诚信、宽厚的态度有助于顺利成就事业，而在面对挫折时，及时的总结经验仍是关键。对于求名、婚恋等方面，坤卦显示出阴盛的特性，特别是女性柔顺的特质将在关系中占据优势，从而获得美好的姻缘。"
"""坤卦的基本意义是什么？","""坤卦""
summary: ""坤卦是周易中的一个吉利卦象，其名称即为“坤”，象征着柔顺和承载。卦象由下坤上坤构成，代表大地的广袤与包容。它的核心含义是，君子应当效法大地，以深厚的德行承载万物，顺承天道。占得此卦，预示着大吉大利，适宜于与家庭、婚嫁及财运相关的事务。

在行运上，坤卦提示在行动前应顺应时势，往西南方向行进能得到朋友的支持，而东北方向则可能遇到财物损失。君子如行旅，初时可能迷失方向，但最终能够找到真主，获得吉利。这也反映出“先迷后得”的运势特点。

在传统解卦中，坤卦被视为同卦相叠的阴性之象，代表着生育、抚养和温顺，强调在事业上应以团结合作为重，不宜单打独斗。行动上应以静制动，避免急于求成。诚信、宽厚的态度有助于顺利成就事业，而在面对挫折时，及时的总结经验仍是关键。对于求名、婚恋等方面，坤卦显示出阴盛的特性，特别是女性柔顺的特质将在关系中占据优势，从而获得美好的姻缘。"
"周易中""坤卦的解释是什么？","""坤卦""
summary: ""坤卦是周易中的一个吉利卦象，其名称即为“坤”，象征着柔顺和承载。卦象由下坤上坤构成，代表大地的广袤与包容。它的核心含义是，君子应当效法大地，以深厚的德行承载万物，顺承天道。占得此卦，预示着大吉大利，适宜于与家庭、婚嫁及财运相关的事务。

在行运上，坤卦提示在行动前应顺应时势，往西南方向行进能得到朋友的支持，而东北方向则可能遇到财物损失。君子如行旅，初时可能迷失方向，但最终能够找到真主，获得吉利。这也反映出“先迷后得”的运势特点。

在传统解卦中，坤卦被视为同卦相叠的阴性之象，代表着生育、抚养和温顺，强调在事业上应以团结合作为重，不宜单打独斗。行动上应以静制动，避免急于求成。诚信、宽厚的态度有助于顺利成就事业，而在面对挫折时，及时的总结经验仍是关键。对于求名、婚恋等方面，坤卦显示出阴盛的特性，特别是女性柔顺的特质将在关系中占据优势，从而获得美好的姻缘。"
"""坤卦在周易中代表了哪些方面？","""坤卦""
summary: ""坤卦是周易中的一个吉利卦象，其名称即为“坤”，象征着柔顺和承载。卦象由下坤上坤构成，代表大地的广袤与包容。它的核心含义是，君子应当效法大地，以深厚的德行承载万物，顺承天道。占得此卦，预示着大吉大利，适宜于与家庭、婚嫁及财运相关的事务。

在行运上，坤卦提示在行动前应顺应时势，往西南方向行进能得到朋友的支持，而东北方向则可能遇到财物损失。君子如行旅，初时可能迷失方向，但最终能够找到真主，获得吉利。这也反映出“先迷后得”的运势特点。

在传统解卦中，坤卦被视为同卦相叠的阴性之象，代表着生育、抚养和温顺，强调在事业上应以团结合作为重，不宜单打独斗。行动上应以静制动，避免急于求成。诚信、宽厚的态度有助于顺利成就事业，而在面对挫折时，及时的总结经验仍是关键。对于求名、婚恋等方面，坤卦显示出阴盛的特性，特别是女性柔顺的特质将在关系中占据优势，从而获得美好的姻缘。"
"""坤卦涉及哪些哲学思想？","""坤卦""
summary: ""坤卦是周易中的一个吉利卦象，其名称即为“坤”，象征着柔顺和承载。卦象由下坤上坤构成，代表大地的广袤与包容。它的核心含义是，君子应当效法大地，以深厚的德行承载万物，顺承天道。占得此卦，预示着大吉大利，适宜于与家庭、婚嫁及财运相关的事务。

在行运上，坤卦提示在行动前应顺应时势，往西南方向行进能得到朋友的支持，而东北方向则可能遇到财物损失。君子如行旅，初时可能迷失方向，但最终能够找到真主，获得吉利。这也反映出“先迷后得”的运势特点。

在传统解卦中，坤卦被视为同卦相叠的阴性之象，代表着生育、抚养和温顺，强调在事业上应以团结合作为重，不宜单打独斗。行动上应以静制动，避免急于求成。诚信、宽厚的态度有助于顺利成就事业，而在面对挫折时，及时的总结经验仍是关键。对于求名、婚恋等方面，坤卦显示出阴盛的特性，特别是女性柔顺的特质将在关系中占据优势，从而获得美好的姻缘。"
"周易中""坤卦的象征意义是什么？","""坤卦""
summary: ""坤卦是周易中的一个吉利卦象，其名称即为“坤”，象征着柔顺和承载。卦象由下坤上坤构成，代表大地的广袤与包容。它的核心含义是，君子应当效法大地，以深厚的德行承载万物，顺承天道。占得此卦，预示着大吉大利，适宜于与家庭、婚嫁及财运相关的事务。

在行运上，坤卦提示在行动前应顺应时势，往西南方向行进能得到朋友的支持，而东北方向则可能遇到财物损失。君子如行旅，初时可能迷失方向，但最终能够找到真主，获得吉利。这也反映出“先迷后得”的运势特点。

在传统解卦中，坤卦被视为同卦相叠的阴性之象，代表着生育、抚养和温顺，强调在事业上应以团结合作为重，不宜单打独斗。行动上应以静制动，避免急于求成。诚信、宽厚的态度有助于顺利成就事业，而在面对挫折时，及时的总结经验仍是关键。对于求名、婚恋等方面，坤卦显示出阴盛的特性，特别是女性柔顺的特质将在关系中占据优势，从而获得美好的姻缘。"
"""坤卦的主要讲述内容是什么？","""坤卦""
summary: ""坤卦是周易中的一个吉利卦象，其名称即为“坤”，象征着柔顺和承载。卦象由下坤上坤构成，代表大地的广袤与包容。它的核心含义是，君子应当效法大地，以深厚的德行承载万物，顺承天道。占得此卦，预示着大吉大利，适宜于与家庭、婚嫁及财运相关的事务。

在行运上，坤卦提示在行动前应顺应时势，往西南方向行进能得到朋友的支持，而东北方向则可能遇到财物损失。君子如行旅，初时可能迷失方向，但最终能够找到真主，获得吉利。这也反映出“先迷后得”的运势特点。

在传统解卦中，坤卦被视为同卦相叠的阴性之象，代表着生育、抚养和温顺，强调在事业上应以团结合作为重，不宜单打独斗。行动上应以静制动，避免急于求成。诚信、宽厚的态度有助于顺利成就事业，而在面对挫折时，及时的总结经验仍是关键。对于求名、婚恋等方面，坤卦显示出阴盛的特性，特别是女性柔顺的特质将在关系中占据优势，从而获得美好的姻缘。"
"周易""坤卦的核心思想是什么？","""坤卦""
summary: ""坤卦是周易中的一个吉利卦象，其名称即为“坤”，象征着柔顺和承载。卦象由下坤上坤构成，代表大地的广袤与包容。它的核心含义是，君子应当效法大地，以深厚的德行承载万物，顺承天道。占得此卦，预示着大吉大利，适宜于与家庭、婚嫁及财运相关的事务。

在行运上，坤卦提示在行动前应顺应时势，往西南方向行进能得到朋友的支持，而东北方向则可能遇到财物损失。君子如行旅，初时可能迷失方向，但最终能够找到真主，获得吉利。这也反映出“先迷后得”的运势特点。

在传统解卦中，坤卦被视为同卦相叠的阴性之象，代表着生育、抚养和温顺，强调在事业上应以团结合作为重，不宜单打独斗。行动上应以静制动，避免急于求成。诚信、宽厚的态度有助于顺利成就事业，而在面对挫折时，及时的总结经验仍是关键。对于求名、婚恋等方面，坤卦显示出阴盛的特性，特别是女性柔顺的特质将在关系中占据优势，从而获得美好的姻缘。"
"""坤卦和启蒙教育之间有何联系？","""坤卦""
summary: ""坤卦是周易中的一个吉利卦象，其名称即为“坤”，象征着柔顺和承载。卦象由下坤上坤构成，代表大地的广袤与包容。它的核心含义是，君子应当效法大地，以深厚的德行承载万物，顺承天道。占得此卦，预示着大吉大利，适宜于与家庭、婚嫁及财运相关的事务。

在行运上，坤卦提示在行动前应顺应时势，往西南方向行进能得到朋友的支持，而东北方向则可能遇到财物损失。君子如行旅，初时可能迷失方向，但最终能够找到真主，获得吉利。这也反映出“先迷后得”的运势特点。

在传统解卦中，坤卦被视为同卦相叠的阴性之象，代表着生育、抚养和温顺，强调在事业上应以团结合作为重，不宜单打独斗。行动上应以静制动，避免急于求成。诚信、宽厚的态度有助于顺利成就事业，而在面对挫折时，及时的总结经验仍是关键。对于求名、婚恋等方面，坤卦显示出阴盛的特性，特别是女性柔顺的特质将在关系中占据优势，从而获得美好的姻缘。"
"在周易中，""坤卦象征着什么？","""坤卦""
summary: ""坤卦是周易中的一个吉利卦象，其名称即为“坤”，象征着柔顺和承载。卦象由下坤上坤构成，代表大地的广袤与包容。它的核心含义是，君子应当效法大地，以深厚的德行承载万物，顺承天道。占得此卦，预示着大吉大利，适宜于与家庭、婚嫁及财运相关的事务。

在行运上，坤卦提示在行动前应顺应时势，往西南方向行进能得到朋友的支持，而东北方向则可能遇到财物损失。君子如行旅，初时可能迷失方向，但最终能够找到真主，获得吉利。这也反映出“先迷后得”的运势特点。

在传统解卦中，坤卦被视为同卦相叠的阴性之象，代表着生育、抚养和温顺，强调在事业上应以团结合作为重，不宜单打独斗。行动上应以静制动，避免急于求成。诚信、宽厚的态度有助于顺利成就事业，而在面对挫折时，及时的总结经验仍是关键。对于求名、婚恋等方面，坤卦显示出阴盛的特性，特别是女性柔顺的特质将在关系中占据优势，从而获得美好的姻缘。"
"请描述""坤卦的含义。","""坤卦""
summary: ""坤卦是周易中的一个吉利卦象，其名称即为“坤”，象征着柔顺和承载。卦象由下坤上坤构成，代表大地的广袤与包容。它的核心含义是，君子应当效法大地，以深厚的德行承载万物，顺承天道。占得此卦，预示着大吉大利，适宜于与家庭、婚嫁及财运相关的事务。

在行运上，坤卦提示在行动前应顺应时势，往西南方向行进能得到朋友的支持，而东北方向则可能遇到财物损失。君子如行旅，初时可能迷失方向，但最终能够找到真主，获得吉利。这也反映出“先迷后得”的运势特点。

在传统解卦中，坤卦被视为同卦相叠的阴性之象，代表着生育、抚养和温顺，强调在事业上应以团结合作为重，不宜单打独斗。行动上应以静制动，避免急于求成。诚信、宽厚的态度有助于顺利成就事业，而在面对挫折时，及时的总结经验仍是关键。对于求名、婚恋等方面，坤卦显示出阴盛的特性，特别是女性柔顺的特质将在关系中占据优势，从而获得美好的姻缘。"
"""坤卦在周易哲学中扮演什么角色？","""坤卦""
summary: ""坤卦是周易中的一个吉利卦象，其名称即为“坤”，象征着柔顺和承载。卦象由下坤上坤构成，代表大地的广袤与包容。它的核心含义是，君子应当效法大地，以深厚的德行承载万物，顺承天道。占得此卦，预示着大吉大利，适宜于与家庭、婚嫁及财运相关的事务。

在行运上，坤卦提示在行动前应顺应时势，往西南方向行进能得到朋友的支持，而东北方向则可能遇到财物损失。君子如行旅，初时可能迷失方向，但最终能够找到真主，获得吉利。这也反映出“先迷后得”的运势特点。

在传统解卦中，坤卦被视为同卦相叠的阴性之象，代表着生育、抚养和温顺，强调在事业上应以团结合作为重，不宜单打独斗。行动上应以静制动，避免急于求成。诚信、宽厚的态度有助于顺利成就事业，而在面对挫折时，及时的总结经验仍是关键。对于求名、婚恋等方面，坤卦显示出阴盛的特性，特别是女性柔顺的特质将在关系中占据优势，从而获得美好的姻缘。"
"""乾卦代表什么？","""乾卦""
summary: ""在周易中，乾卦为六十四卦之首，由六个阳爻组成，象征天。其卦辞为“元，亨，利，贞”，意味着大吉大利而且容易成功。《象辞》指出，天道刚健，运行不息，因此君子应以此为榜样，自强不息。

乾卦象征着纯阳之气，代表着刚强、奋发向上的力量。其核心哲学在于通过追求正道与德行，才能实现持久的成功和好运。北宋易学家邵雍认为，乾卦预示着发育顺利，但也提示需谨防过于强盛带来的隐患。

在财运方面，这一卦象表明施比受更为有福，适合积极进取而非保守行事。家庭与健康也要求积德行善以求长久之庆，尤其对女性而言，宜注意柔和以平衡刚直。

总体来说，乾卦预示飞龙在天，名利双收，强调抓住机会并努力奋斗以成就宏图。然而，亦需警惕顶点之后的衰退，因此在事业发展中，保持谦逊与谨慎的态度是至关重要的。在决策上，遵循此卦的刚健与正直之道，修身齐家，必能克服障碍，实现自我超越。"
"周易中的""乾卦含义是什么？","""乾卦""
summary: ""在周易中，乾卦为六十四卦之首，由六个阳爻组成，象征天。其卦辞为“元，亨，利，贞”，意味着大吉大利而且容易成功。《象辞》指出，天道刚健，运行不息，因此君子应以此为榜样，自强不息。

乾卦象征着纯阳之气，代表着刚强、奋发向上的力量。其核心哲学在于通过追求正道与德行，才能实现持久的成功和好运。北宋易学家邵雍认为，乾卦预示着发育顺利，但也提示需谨防过于强盛带来的隐患。

在财运方面，这一卦象表明施比受更为有福，适合积极进取而非保守行事。家庭与健康也要求积德行善以求长久之庆，尤其对女性而言，宜注意柔和以平衡刚直。

总体来说，乾卦预示飞龙在天，名利双收，强调抓住机会并努力奋斗以成就宏图。然而，亦需警惕顶点之后的衰退，因此在事业发展中，保持谦逊与谨慎的态度是至关重要的。在决策上，遵循此卦的刚健与正直之道，修身齐家，必能克服障碍，实现自我超越。"
"请解释一下""乾卦。","""乾卦""
summary: ""在周易中，乾卦为六十四卦之首，由六个阳爻组成，象征天。其卦辞为“元，亨，利，贞”，意味着大吉大利而且容易成功。《象辞》指出，天道刚健，运行不息，因此君子应以此为榜样，自强不息。

乾卦象征着纯阳之气，代表着刚强、奋发向上的力量。其核心哲学在于通过追求正道与德行，才能实现持久的成功和好运。北宋易学家邵雍认为，乾卦预示着发育顺利，但也提示需谨防过于强盛带来的隐患。

在财运方面，这一卦象表明施比受更为有福，适合积极进取而非保守行事。家庭与健康也要求积德行善以求长久之庆，尤其对女性而言，宜注意柔和以平衡刚直。

总体来说，乾卦预示飞龙在天，名利双收，强调抓住机会并努力奋斗以成就宏图。然而，亦需警惕顶点之后的衰退，因此在事业发展中，保持谦逊与谨慎的态度是至关重要的。在决策上，遵循此卦的刚健与正直之道，修身齐家，必能克服障碍，实现自我超越。"
"""乾卦在周易中是什么象征？","""乾卦""
summary: ""在周易中，乾卦为六十四卦之首，由六个阳爻组成，象征天。其卦辞为“元，亨，利，贞”，意味着大吉大利而且容易成功。《象辞》指出，天道刚健，运行不息，因此君子应以此为榜样，自强不息。

乾卦象征着纯阳之气，代表着刚强、奋发向上的力量。其核心哲学在于通过追求正道与德行，才能实现持久的成功和好运。北宋易学家邵雍认为，乾卦预示着发育顺利，但也提示需谨防过于强盛带来的隐患。

在财运方面，这一卦象表明施比受更为有福，适合积极进取而非保守行事。家庭与健康也要求积德行善以求长久之庆，尤其对女性而言，宜注意柔和以平衡刚直。

总体来说，乾卦预示飞龙在天，名利双收，强调抓住机会并努力奋斗以成就宏图。然而，亦需警惕顶点之后的衰退，因此在事业发展中，保持谦逊与谨慎的态度是至关重要的。在决策上，遵循此卦的刚健与正直之道，修身齐家，必能克服障碍，实现自我超越。"
"周易""乾卦的深层含义是什么？","""乾卦""
summary: ""在周易中，乾卦为六十四卦之首，由六个阳爻组成，象征天。其卦辞为“元，亨，利，贞”，意味着大吉大利而且容易成功。《象辞》指出，天道刚健，运行不息，因此君子应以此为榜样，自强不息。

乾卦象征着纯阳之气，代表着刚强、奋发向上的力量。其核心哲学在于通过追求正道与德行，才能实现持久的成功和好运。北宋易学家邵雍认为，乾卦预示着发育顺利，但也提示需谨防过于强盛带来的隐患。

在财运方面，这一卦象表明施比受更为有福，适合积极进取而非保守行事。家庭与健康也要求积德行善以求长久之庆，尤其对女性而言，宜注意柔和以平衡刚直。

总体来说，乾卦预示飞龙在天，名利双收，强调抓住机会并努力奋斗以成就宏图。然而，亦需警惕顶点之后的衰退，因此在事业发展中，保持谦逊与谨慎的态度是至关重要的。在决策上，遵循此卦的刚健与正直之道，修身齐家，必能克服障碍，实现自我超越。"
"""乾卦和教育启蒙有什么联系？","""乾卦""
summary: ""在周易中，乾卦为六十四卦之首，由六个阳爻组成，象征天。其卦辞为“元，亨，利，贞”，意味着大吉大利而且容易成功。《象辞》指出，天道刚健，运行不息，因此君子应以此为榜样，自强不息。

乾卦象征着纯阳之气，代表着刚强、奋发向上的力量。其核心哲学在于通过追求正道与德行，才能实现持久的成功和好运。北宋易学家邵雍认为，乾卦预示着发育顺利，但也提示需谨防过于强盛带来的隐患。

在财运方面，这一卦象表明施比受更为有福，适合积极进取而非保守行事。家庭与健康也要求积德行善以求长久之庆，尤其对女性而言，宜注意柔和以平衡刚直。

总体来说，乾卦预示飞龙在天，名利双收，强调抓住机会并努力奋斗以成就宏图。然而，亦需警惕顶点之后的衰退，因此在事业发展中，保持谦逊与谨慎的态度是至关重要的。在决策上，遵循此卦的刚健与正直之道，修身齐家，必能克服障碍，实现自我超越。"
"周易的""乾卦讲述了什么？","""乾卦""
summary: ""在周易中，乾卦为六十四卦之首，由六个阳爻组成，象征天。其卦辞为“元，亨，利，贞”，意味着大吉大利而且容易成功。《象辞》指出，天道刚健，运行不息，因此君子应以此为榜样，自强不息。

乾卦象征着纯阳之气，代表着刚强、奋发向上的力量。其核心哲学在于通过追求正道与德行，才能实现持久的成功和好运。北宋易学家邵雍认为，乾卦预示着发育顺利，但也提示需谨防过于强盛带来的隐患。

在财运方面，这一卦象表明施比受更为有福，适合积极进取而非保守行事。家庭与健康也要求积德行善以求长久之庆，尤其对女性而言，宜注意柔和以平衡刚直。

总体来说，乾卦预示飞龙在天，名利双收，强调抓住机会并努力奋斗以成就宏图。然而，亦需警惕顶点之后的衰退，因此在事业发展中，保持谦逊与谨慎的态度是至关重要的。在决策上，遵循此卦的刚健与正直之道，修身齐家，必能克服障碍，实现自我超越。"
"""乾卦是怎样的一个卦象？","""乾卦""
summary: ""在周易中，乾卦为六十四卦之首，由六个阳爻组成，象征天。其卦辞为“元，亨，利，贞”，意味着大吉大利而且容易成功。《象辞》指出，天道刚健，运行不息，因此君子应以此为榜样，自强不息。

乾卦象征着纯阳之气，代表着刚强、奋发向上的力量。其核心哲学在于通过追求正道与德行，才能实现持久的成功和好运。北宋易学家邵雍认为，乾卦预示着发育顺利，但也提示需谨防过于强盛带来的隐患。

在财运方面，这一卦象表明施比受更为有福，适合积极进取而非保守行事。家庭与健康也要求积德行善以求长久之庆，尤其对女性而言，宜注意柔和以平衡刚直。

总体来说，乾卦预示飞龙在天，名利双收，强调抓住机会并努力奋斗以成就宏图。然而，亦需警惕顶点之后的衰退，因此在事业发展中，保持谦逊与谨慎的态度是至关重要的。在决策上，遵循此卦的刚健与正直之道，修身齐家，必能克服障碍，实现自我超越。"
"""乾卦在周易中怎样表达教育的概念？","""乾卦""
summary: ""在周易中，乾卦为六十四卦之首，由六个阳爻组成，象征天。其卦辞为“元，亨，利，贞”，意味着大吉大利而且容易成功。《象辞》指出，天道刚健，运行不息，因此君子应以此为榜样，自强不息。

乾卦象征着纯阳之气，代表着刚强、奋发向上的力量。其核心哲学在于通过追求正道与德行，才能实现持久的成功和好运。北宋易学家邵雍认为，乾卦预示着发育顺利，但也提示需谨防过于强盛带来的隐患。

在财运方面，这一卦象表明施比受更为有福，适合积极进取而非保守行事。家庭与健康也要求积德行善以求长久之庆，尤其对女性而言，宜注意柔和以平衡刚直。

总体来说，乾卦预示飞龙在天，名利双收，强调抓住机会并努力奋斗以成就宏图。然而，亦需警惕顶点之后的衰退，因此在事业发展中，保持谦逊与谨慎的态度是至关重要的。在决策上，遵循此卦的刚健与正直之道，修身齐家，必能克服障碍，实现自我超越。"
"""乾卦的基本意义是什么？","""乾卦""
summary: ""在周易中，乾卦为六十四卦之首，由六个阳爻组成，象征天。其卦辞为“元，亨，利，贞”，意味着大吉大利而且容易成功。《象辞》指出，天道刚健，运行不息，因此君子应以此为榜样，自强不息。

乾卦象征着纯阳之气，代表着刚强、奋发向上的力量。其核心哲学在于通过追求正道与德行，才能实现持久的成功和好运。北宋易学家邵雍认为，乾卦预示着发育顺利，但也提示需谨防过于强盛带来的隐患。

在财运方面，这一卦象表明施比受更为有福，适合积极进取而非保守行事。家庭与健康也要求积德行善以求长久之庆，尤其对女性而言，宜注意柔和以平衡刚直。

总体来说，乾卦预示飞龙在天，名利双收，强调抓住机会并努力奋斗以成就宏图。然而，亦需警惕顶点之后的衰退，因此在事业发展中，保持谦逊与谨慎的态度是至关重要的。在决策上，遵循此卦的刚健与正直之道，修身齐家，必能克服障碍，实现自我超越。"
"周易中""乾卦的解释是什么？","""乾卦""
summary: ""在周易中，乾卦为六十四卦之首，由六个阳爻组成，象征天。其卦辞为“元，亨，利，贞”，意味着大吉大利而且容易成功。《象辞》指出，天道刚健，运行不息，因此君子应以此为榜样，自强不息。

乾卦象征着纯阳之气，代表着刚强、奋发向上的力量。其核心哲学在于通过追求正道与德行，才能实现持久的成功和好运。北宋易学家邵雍认为，乾卦预示着发育顺利，但也提示需谨防过于强盛带来的隐患。

在财运方面，这一卦象表明施比受更为有福，适合积极进取而非保守行事。家庭与健康也要求积德行善以求长久之庆，尤其对女性而言，宜注意柔和以平衡刚直。

总体来说，乾卦预示飞龙在天，名利双收，强调抓住机会并努力奋斗以成就宏图。然而，亦需警惕顶点之后的衰退，因此在事业发展中，保持谦逊与谨慎的态度是至关重要的。在决策上，遵循此卦的刚健与正直之道，修身齐家，必能克服障碍，实现自我超越。"
"""乾卦在周易中代表了哪些方面？","""乾卦""
summary: ""在周易中，乾卦为六十四卦之首，由六个阳爻组成，象征天。其卦辞为“元，亨，利，贞”，意味着大吉大利而且容易成功。《象辞》指出，天道刚健，运行不息，因此君子应以此为榜样，自强不息。

乾卦象征着纯阳之气，代表着刚强、奋发向上的力量。其核心哲学在于通过追求正道与德行，才能实现持久的成功和好运。北宋易学家邵雍认为，乾卦预示着发育顺利，但也提示需谨防过于强盛带来的隐患。

在财运方面，这一卦象表明施比受更为有福，适合积极进取而非保守行事。家庭与健康也要求积德行善以求长久之庆，尤其对女性而言，宜注意柔和以平衡刚直。

总体来说，乾卦预示飞龙在天，名利双收，强调抓住机会并努力奋斗以成就宏图。然而，亦需警惕顶点之后的衰退，因此在事业发展中，保持谦逊与谨慎的态度是至关重要的。在决策上，遵循此卦的刚健与正直之道，修身齐家，必能克服障碍，实现自我超越。"
"""乾卦涉及哪些哲学思想？","""乾卦""
summary: ""在周易中，乾卦为六十四卦之首，由六个阳爻组成，象征天。其卦辞为“元，亨，利，贞”，意味着大吉大利而且容易成功。《象辞》指出，天道刚健，运行不息，因此君子应以此为榜样，自强不息。

乾卦象征着纯阳之气，代表着刚强、奋发向上的力量。其核心哲学在于通过追求正道与德行，才能实现持久的成功和好运。北宋易学家邵雍认为，乾卦预示着发育顺利，但也提示需谨防过于强盛带来的隐患。

在财运方面，这一卦象表明施比受更为有福，适合积极进取而非保守行事。家庭与健康也要求积德行善以求长久之庆，尤其对女性而言，宜注意柔和以平衡刚直。

总体来说，乾卦预示飞龙在天，名利双收，强调抓住机会并努力奋斗以成就宏图。然而，亦需警惕顶点之后的衰退，因此在事业发展中，保持谦逊与谨慎的态度是至关重要的。在决策上，遵循此卦的刚健与正直之道，修身齐家，必能克服障碍，实现自我超越。"
"周易中""乾卦的象征意义是什么？","""乾卦""
summary: ""在周易中，乾卦为六十四卦之首，由六个阳爻组成，象征天。其卦辞为“元，亨，利，贞”，意味着大吉大利而且容易成功。《象辞》指出，天道刚健，运行不息，因此君子应以此为榜样，自强不息。

乾卦象征着纯阳之气，代表着刚强、奋发向上的力量。其核心哲学在于通过追求正道与德行，才能实现持久的成功和好运。北宋易学家邵雍认为，乾卦预示着发育顺利，但也提示需谨防过于强盛带来的隐患。

在财运方面，这一卦象表明施比受更为有福，适合积极进取而非保守行事。家庭与健康也要求积德行善以求长久之庆，尤其对女性而言，宜注意柔和以平衡刚直。

总体来说，乾卦预示飞龙在天，名利双收，强调抓住机会并努力奋斗以成就宏图。然而，亦需警惕顶点之后的衰退，因此在事业发展中，保持谦逊与谨慎的态度是至关重要的。在决策上，遵循此卦的刚健与正直之道，修身齐家，必能克服障碍，实现自我超越。"
"""乾卦的主要讲述内容是什么？","""乾卦""
summary: ""在周易中，乾卦为六十四卦之首，由六个阳爻组成，象征天。其卦辞为“元，亨，利，贞”，意味着大吉大利而且容易成功。《象辞》指出，天道刚健，运行不息，因此君子应以此为榜样，自强不息。

乾卦象征着纯阳之气，代表着刚强、奋发向上的力量。其核心哲学在于通过追求正道与德行，才能实现持久的成功和好运。北宋易学家邵雍认为，乾卦预示着发育顺利，但也提示需谨防过于强盛带来的隐患。

在财运方面，这一卦象表明施比受更为有福，适合积极进取而非保守行事。家庭与健康也要求积德行善以求长久之庆，尤其对女性而言，宜注意柔和以平衡刚直。

总体来说，乾卦预示飞龙在天，名利双收，强调抓住机会并努力奋斗以成就宏图。然而，亦需警惕顶点之后的衰退，因此在事业发展中，保持谦逊与谨慎的态度是至关重要的。在决策上，遵循此卦的刚健与正直之道，修身齐家，必能克服障碍，实现自我超越。"
"周易""乾卦的核心思想是什么？","""乾卦""
summary: ""在周易中，乾卦为六十四卦之首，由六个阳爻组成，象征天。其卦辞为“元，亨，利，贞”，意味着大吉大利而且容易成功。《象辞》指出，天道刚健，运行不息，因此君子应以此为榜样，自强不息。

乾卦象征着纯阳之气，代表着刚强、奋发向上的力量。其核心哲学在于通过追求正道与德行，才能实现持久的成功和好运。北宋易学家邵雍认为，乾卦预示着发育顺利，但也提示需谨防过于强盛带来的隐患。

在财运方面，这一卦象表明施比受更为有福，适合积极进取而非保守行事。家庭与健康也要求积德行善以求长久之庆，尤其对女性而言，宜注意柔和以平衡刚直。

总体来说，乾卦预示飞龙在天，名利双收，强调抓住机会并努力奋斗以成就宏图。然而，亦需警惕顶点之后的衰退，因此在事业发展中，保持谦逊与谨慎的态度是至关重要的。在决策上，遵循此卦的刚健与正直之道，修身齐家，必能克服障碍，实现自我超越。"
"""乾卦和启蒙教育之间有何联系？","""乾卦""
summary: ""在周易中，乾卦为六十四卦之首，由六个阳爻组成，象征天。其卦辞为“元，亨，利，贞”，意味着大吉大利而且容易成功。《象辞》指出，天道刚健，运行不息，因此君子应以此为榜样，自强不息。

乾卦象征着纯阳之气，代表着刚强、奋发向上的力量。其核心哲学在于通过追求正道与德行，才能实现持久的成功和好运。北宋易学家邵雍认为，乾卦预示着发育顺利，但也提示需谨防过于强盛带来的隐患。

在财运方面，这一卦象表明施比受更为有福，适合积极进取而非保守行事。家庭与健康也要求积德行善以求长久之庆，尤其对女性而言，宜注意柔和以平衡刚直。

总体来说，乾卦预示飞龙在天，名利双收，强调抓住机会并努力奋斗以成就宏图。然而，亦需警惕顶点之后的衰退，因此在事业发展中，保持谦逊与谨慎的态度是至关重要的。在决策上，遵循此卦的刚健与正直之道，修身齐家，必能克服障碍，实现自我超越。"
"在周易中，""乾卦象征着什么？","""乾卦""
summary: ""在周易中，乾卦为六十四卦之首，由六个阳爻组成，象征天。其卦辞为“元，亨，利，贞”，意味着大吉大利而且容易成功。《象辞》指出，天道刚健，运行不息，因此君子应以此为榜样，自强不息。

乾卦象征着纯阳之气，代表着刚强、奋发向上的力量。其核心哲学在于通过追求正道与德行，才能实现持久的成功和好运。北宋易学家邵雍认为，乾卦预示着发育顺利，但也提示需谨防过于强盛带来的隐患。

在财运方面，这一卦象表明施比受更为有福，适合积极进取而非保守行事。家庭与健康也要求积德行善以求长久之庆，尤其对女性而言，宜注意柔和以平衡刚直。

总体来说，乾卦预示飞龙在天，名利双收，强调抓住机会并努力奋斗以成就宏图。然而，亦需警惕顶点之后的衰退，因此在事业发展中，保持谦逊与谨慎的态度是至关重要的。在决策上，遵循此卦的刚健与正直之道，修身齐家，必能克服障碍，实现自我超越。"
"请描述""乾卦的含义。","""乾卦""
summary: ""在周易中，乾卦为六十四卦之首，由六个阳爻组成，象征天。其卦辞为“元，亨，利，贞”，意味着大吉大利而且容易成功。《象辞》指出，天道刚健，运行不息，因此君子应以此为榜样，自强不息。

乾卦象征着纯阳之气，代表着刚强、奋发向上的力量。其核心哲学在于通过追求正道与德行，才能实现持久的成功和好运。北宋易学家邵雍认为，乾卦预示着发育顺利，但也提示需谨防过于强盛带来的隐患。

在财运方面，这一卦象表明施比受更为有福，适合积极进取而非保守行事。家庭与健康也要求积德行善以求长久之庆，尤其对女性而言，宜注意柔和以平衡刚直。

总体来说，乾卦预示飞龙在天，名利双收，强调抓住机会并努力奋斗以成就宏图。然而，亦需警惕顶点之后的衰退，因此在事业发展中，保持谦逊与谨慎的态度是至关重要的。在决策上，遵循此卦的刚健与正直之道，修身齐家，必能克服障碍，实现自我超越。"
"""乾卦在周易哲学中扮演什么角色？","""乾卦""
summary: ""在周易中，乾卦为六十四卦之首，由六个阳爻组成，象征天。其卦辞为“元，亨，利，贞”，意味着大吉大利而且容易成功。《象辞》指出，天道刚健，运行不息，因此君子应以此为榜样，自强不息。

乾卦象征着纯阳之气，代表着刚强、奋发向上的力量。其核心哲学在于通过追求正道与德行，才能实现持久的成功和好运。北宋易学家邵雍认为，乾卦预示着发育顺利，但也提示需谨防过于强盛带来的隐患。

在财运方面，这一卦象表明施比受更为有福，适合积极进取而非保守行事。家庭与健康也要求积德行善以求长久之庆，尤其对女性而言，宜注意柔和以平衡刚直。

总体来说，乾卦预示飞龙在天，名利双收，强调抓住机会并努力奋斗以成就宏图。然而，亦需警惕顶点之后的衰退，因此在事业发展中，保持谦逊与谨慎的态度是至关重要的。在决策上，遵循此卦的刚健与正直之道，修身齐家，必能克服障碍，实现自我超越。"
